id,sesion_id,hora_inicio,hora_fin,llegan,se_retiran,espera_al_cierre
0000,0000,14:40:00,14:50:00,5,4,13
0001,0000,14:50:00,15:00:00,1,3,11
0002,0000,15:00:00,15:10:00,4,2,2
0003,0000,15:10:00,15:20:00,3,2,3
0004,0000,15:20:00,15:30:00,0,3,0
0005,0000,15:30:00,15:40:00,0,0,0
0006,0000,15:40:00,15:50:00,3,2,1
0007,0000,15:50:00,16:00:00,4,3,2
0008,0000,16:00:00,16:10:00,0,2,0
0009,0000,16:10:00,16:20:00,8,2,6
0010,0000,16:20:00,16:30:00,6,0,12
0011,0001,08:00:00,08:10:00,2,0,0
0012,0001,08:10:00,08:20:00,26,0,26
0013,0001,08:20:00,08:30:00,21,0,2
0014,0001,08:30:00,08:40:00,8,1,9
0015,0001,08:40:00,08:50:00,85,0,19
0016,0001,08:50:00,09:00:00,60,4,75
0017,0001,09:00:00,09:10:00,59,3,54
0018,0001,09:10:00,09:20:00,27,0,81
0019,0001,09:20:00,09:30:00,28,0,4
0020,0001,09:30:00,09:40:00,30,0,34
0021,0001,09:40:00,09:50:00,29,0,3
0022,0001,09:50:00,10:00:00,30,2,31
0023,0001,10:00:00,10:10:00,29,0,1
0024,0001,10:10:00,10:20:00,31,1,31
0025,0001,10:20:00,10:30:00,29,0,60
0026,0001,10:30:00,10:40:00,25,4,2
0027,0001,10:40:00,10:50:00,42,1,43
0028,0001,10:50:00,11:00:00,64,0,107
0029,0002,12:00:00,12:10:00,0,3,3
0030,0002,12:10:00,12:20:00,1,4,0
0031,0002,12:20:00,12:30:00,4,0,4
0032,0002,12:30:00,12:40:00,2,2,0
0033,0002,12:40:00,12:50:00,3,0,3
0034,0002,12:50:00,13:00:00,4,0,7
0035,0002,13:00:00,13:10:00,5,5,6
0036,0002,13:10:00,13:20:00,0,6,0
0037,0002,13:20:00,13:30:00,0,0,0
0038,0002,13:30:00,13:40:00,4,0,0
0039,0002,13:40:00,13:50:00,0,0,0
0040,0002,13:50:00,14:00:00,6,2,4
0041,0003,14:30:00,14:40:00,1,0,1
0042,0003,14:40:00,14:50:00,2,0,3
0043,0003,14:50:00,15:00:00,0,0,3
0044,0003,15:00:00,15:10:00,5,0,8
0045,0003,15:10:00,15:20:00,0,1,7
0046,0003,15:20:00,15:30:00,0,0,7
0047,0003,15:30:00,15:40:00,0,0,7
0048,0003,15:40:00,15:50:00,2,0,9
0049,0003,15:50:00,16:00:00,0,0,9
0050,0003,16:00:00,16:10:00,0,0,9
0051,0003,16:10:00,16:20:00,2,0,11
0052,0003,16:20:00,16:30:00,0,0,11
0053,0004,14:10:00,14:20:00,0,2,1
0054,0004,14:20:00,14:30:00,6,3,4
0055,0004,14:30:00,14:40:00,1,3,0
0056,0004,14:40:00,14:50:00,0,0,0
0057,0004,14:50:00,15:00:00,6,0,6
0058,0004,15:00:00,15:10:00,0,6,0
0059,0004,15:10:00,15:20:00,0,0,0
0060,0004,15:20:00,15:30:00,0,0,0
0061,0004,15:30:00,15:40:00,0,0,0
0062,0004,15:40:00,15:50:00,3,1,2
0063,0004,15:50:00,16:00:00,5,2,5
0064,0004,16:00:00,16:10:00,0,1,0
0065,0004,16:10:00,16:20:00,0,0,0
0066,0004,16:20:00,16:30:00,0,0,0
0067,0005,09:10:00,09:20:00,26,0,26
0068,0005,09:20:00,09:30:00,28,0,0
0069,0005,09:30:00,09:40:00,30,1,29
0070,0005,09:40:00,09:50:00,27,1,1
0071,0005,09:50:00,10:00:00,31,0,32
0072,0005,10:00:00,10:10:00,25,0,1
0073,0005,10:10:00,10:20:00,36,0,37
0074,0005,10:20:00,10:30:00,28,1,64
0075,0005,10:30:00,10:40:00,33,0,6
0076,0005,10:40:00,10:50:00,40,0,46
0077,0005,10:50:00,11:00:00,65,0,111
0078,0006,08:20:00,08:30:00,3,7,0
0079,0006,08:30:00,08:40:00,1,1,0
0080,0006,08:40:00,08:50:00,3,2,0
0081,0006,08:50:00,09:00:00,4,0,4
0082,0006,09:00:00,09:10:00,8,5,1
0083,0006,09:10:00,09:20:00,2,0,3
0084,0006,09:20:00,09:30:00,3,3,0
0085,0006,09:30:00,09:40:00,6,1,5
0086,0006,09:40:00,09:50:00,8,2,1
0087,0006,09:50:00,10:00:00,0,1,0
0088,0006,10:00:00,10:10:00,0,0,0
0089,0006,10:10:00,10:20:00,6,3,3
0090,0006,10:20:00,10:30:00,2,5,0
0091,0006,10:30:00,10:40:00,7,0,1
0092,0006,10:40:00,10:50:00,7,1,7
0093,0006,10:50:00,11:00:00,7,6,8
0094,0007,09:20:00,09:30:00,0,4,2
0095,0007,09:30:00,09:40:00,1,2,1
0096,0007,09:40:00,09:50:00,5,0,1
0097,0007,09:50:00,10:00:00,2,1,2
0098,0007,10:00:00,10:10:00,5,4,0
0099,0007,10:10:00,10:20:00,0,0,0
0100,0007,10:20:00,10:30:00,2,0,2
0101,0007,10:30:00,10:40:00,7,3,0
0102,0007,10:40:00,10:50:00,0,0,0
0103,0007,10:50:00,11:00:00,5,0,5
0104,0008,14:00:00,14:10:00,0,0,0
0105,0008,14:10:00,14:20:00,0,0,0
0106,0008,14:20:00,14:30:00,1,0,1
0107,0008,14:30:00,14:40:00,0,1,0
0108,0008,14:40:00,14:50:00,0,0,0
0109,0008,14:50:00,15:00:00,7,0,7
0110,0008,15:00:00,15:10:00,7,2,12
0111,0008,15:10:00,15:20:00,3,1,14
0112,0008,15:20:00,15:30:00,5,0,19
0113,0008,15:30:00,15:40:00,0,1,18
0114,0008,15:40:00,15:50:00,1,1,18
0115,0008,15:50:00,16:00:00,0,6,12
0116,0008,16:00:00,16:10:00,0,1,11
0117,0008,16:10:00,16:20:00,0,1,10
0118,0008,16:20:00,16:30:00,0,2,8
0119,0009,08:00:00,08:10:00,6,0,4
0120,0009,08:10:00,08:20:00,0,1,3
0121,0009,08:20:00,08:30:00,5,1,3
0122,0009,08:30:00,08:40:00,7,0,10
0123,0009,08:40:00,08:50:00,7,1,16
0124,0009,08:50:00,09:00:00,12,0,28
0125,0009,09:00:00,09:10:00,3,11,5
0126,0009,09:10:00,09:20:00,2,2,5
0127,0009,09:20:00,09:30:00,2,0,6
0128,0009,09:30:00,09:40:00,6,0,12
0129,0009,09:40:00,09:50:00,7,0,9
0130,0009,09:50:00,10:00:00,2,0,11
0131,0009,10:00:00,10:10:00,7,0,10
0132,0009,10:10:00,10:20:00,1,2,9
0133,0009,10:20:00,10:30:00,4,3,10
0134,0009,10:30:00,10:40:00,5,4,8
0135,0009,10:40:00,10:50:00,5,4,9
0136,0009,10:50:00,11:00:00,4,5,8
0137,0010,11:00:00,11:10:00,0,0,0
0138,0010,11:10:00,11:20:00,1,0,1
0139,0010,11:20:00,11:30:00,0,1,0
0140,0010,11:30:00,11:40:00,1,1,0
0141,0010,11:40:00,11:50:00,3,0,3
0142,0010,11:50:00,12:00:00,1,1,3
0143,0010,12:00:00,12:10:00,0,2,1
0144,0010,12:10:00,12:20:00,4,2,3
0145,0010,12:20:00,12:30:00,2,0,5
0146,0010,12:30:00,12:40:00,2,0,7
0147,0010,12:40:00,12:50:00,0,2,5
0148,0010,12:50:00,13:00:00,3,1,7
0149,0010,13:00:00,13:10:00,0,4,3
0150,0010,13:10:00,13:20:00,0,1,2
0151,0010,13:20:00,13:30:00,0,1,1
0152,0010,13:30:00,13:40:00,0,1,0
0153,0010,13:40:00,13:50:00,0,0,0
0154,0010,13:50:00,14:00:00,3,1,2
0155,0011,14:00:00,14:10:00,5,0,0
0156,0011,14:10:00,14:20:00,3,0,3
0157,0011,14:20:00,14:30:00,7,2,8
0158,0011,14:30:00,14:40:00,6,2,8
0159,0011,14:40:00,14:50:00,3,4,7
0160,0011,14:50:00,15:00:00,15,0,22
0161,0011,15:00:00,15:10:00,10,5,25
0162,0011,15:10:00,15:20:00,6,14,17
0163,0011,15:20:00,15:30:00,1,3,15
0164,0011,15:30:00,15:40:00,3,8,1
0165,0011,15:40:00,15:50:00,12,0,13
0166,0011,15:50:00,16:00:00,0,1,12
0167,0011,16:00:00,16:10:00,5,0,1
0168,0011,16:10:00,16:20:00,0,0,1
0169,0011,16:20:00,16:30:00,2,0,3
0170,0012,11:00:00,11:10:00,43,0,35
0171,0012,11:10:00,11:20:00,1,9,27
0172,0012,11:20:00,11:30:00,5,7,25
0173,0012,11:30:00,11:40:00,6,3,22
0174,0012,11:40:00,11:50:00,5,3,24
0175,0012,11:50:00,12:00:00,6,10,20
0176,0012,12:00:00,12:10:00,0,0,13
0177,0012,12:10:00,12:20:00,5,1,17
0178,0012,12:20:00,12:30:00,3,3,17
0179,0012,12:30:00,12:40:00,2,4,8
0180,0012,12:40:00,12:50:00,1,3,6
0181,0012,12:50:00,13:00:00,2,2,6
0182,0012,13:00:00,13:10:00,6,2,1
0183,0012,13:10:00,13:20:00,0,0,1
0184,0012,13:20:00,13:30:00,1,2,0
0185,0012,13:30:00,13:40:00,7,2,5
0186,0012,13:40:00,13:50:00,1,0,6
0187,0012,13:50:00,14:00:00,1,1,6
0188,0013,11:00:00,11:10:00,51,0,38
0189,0013,11:10:00,11:20:00,3,11,30
0190,0013,11:20:00,11:30:00,2,6,26
0191,0013,11:30:00,11:40:00,4,2,25
0192,0013,11:40:00,11:50:00,2,3,24
0193,0013,11:50:00,12:00:00,5,10,19
0194,0013,12:00:00,12:10:00,2,2,12
0195,0013,12:10:00,12:20:00,5,4,13
0196,0013,12:20:00,12:30:00,2,5,10
0197,0013,12:30:00,12:40:00,8,2,1
0198,0013,12:40:00,12:50:00,5,0,6
0199,0013,12:50:00,13:00:00,8,7,7
0200,0013,13:00:00,13:10:00,3,3,1
0201,0013,13:10:00,13:20:00,1,2,0
0202,0013,13:20:00,13:30:00,1,1,0
0203,0013,13:30:00,13:40:00,3,1,0
0204,0013,13:40:00,13:50:00,1,0,1
0205,0013,13:50:00,14:00:00,0,0,1
0206,0014,11:00:00,11:10:00,57,0,3
0207,0014,11:10:00,11:20:00,29,3,29
0208,0014,11:20:00,11:30:00,31,3,57
0209,0014,11:30:00,11:40:00,26,0,1
0210,0014,11:40:00,11:50:00,34,1,34
0211,0014,11:50:00,12:00:00,28,2,60
0212,0014,12:00:00,12:10:00,17,2,2
0213,0014,12:10:00,12:20:00,14,0,16
0214,0014,12:20:00,12:30:00,12,0,28
0215,0014,12:30:00,12:40:00,15,3,1
0216,0014,12:40:00,12:50:00,24,0,25
0217,0014,12:50:00,13:00:00,33,0,58
0218,0014,13:00:00,13:10:00,29,0,1
0219,0014,13:10:00,13:20:00,16,0,17
0220,0014,13:20:00,13:30:00,17,2,32
0221,0014,13:30:00,13:40:00,30,0,3
0222,0014,13:40:00,13:50:00,30,0,33
0223,0014,13:50:00,14:00:00,24,0,57
0224,0015,14:00:00,14:10:00,27,0,1
0225,0015,14:10:00,14:20:00,33,3,31
0226,0015,14:20:00,14:30:00,30,0,61
0227,0015,14:30:00,14:40:00,27,3,1
0228,0015,14:40:00,14:50:00,36,0,37
0229,0015,14:50:00,15:00:00,61,0,98
0230,0015,15:00:00,15:10:00,50,0,49
0231,0015,15:10:00,15:20:00,33,1,81
0232,0015,15:20:00,15:30:00,29,4,106
0233,0015,15:30:00,15:40:00,27,0,32
0234,0015,15:40:00,15:50:00,21,0,53
0235,0015,15:50:00,16:00:00,24,0,77
0236,0015,16:00:00,16:10:00,12,0,4
0237,0015,16:10:00,16:20:00,18,0,22
0238,0015,16:20:00,16:30:00,18,3,37
0239,0016,11:00:00,11:10:00,7,0,7
0240,0016,11:10:00,11:20:00,0,4,3
0241,0016,11:20:00,11:30:00,1,2,2
0242,0016,11:30:00,11:40:00,3,0,5
0243,0016,11:40:00,11:50:00,3,3,5
0244,0016,11:50:00,12:00:00,7,5,7
0245,0016,12:00:00,12:10:00,1,3,5
0246,0016,12:10:00,12:20:00,0,0,5
0247,0016,12:20:00,12:30:00,0,3,2
0248,0016,12:30:00,12:40:00,1,2,1
0249,0016,12:40:00,12:50:00,2,3,0
0250,0016,12:50:00,13:00:00,0,0,0
0251,0016,13:00:00,13:10:00,1,0,1
0252,0016,13:10:00,13:20:00,2,1,2
0253,0016,13:20:00,13:30:00,0,2,0
0254,0016,13:30:00,13:40:00,0,0,0
0255,0016,13:40:00,13:50:00,0,0,0
0256,0016,13:50:00,14:00:00,1,0,1
0257,0017,14:00:00,14:10:00,5,0,5
0258,0017,14:10:00,14:20:00,6,2,9
0259,0017,14:20:00,14:30:00,4,0,13
0260,0017,14:30:00,14:40:00,0,5,4
0261,0017,14:40:00,14:50:00,8,1,11
0262,0017,14:50:00,15:00:00,5,1,15
0263,0017,15:00:00,15:10:00,9,5,14
0264,0017,15:10:00,15:20:00,5,7,12
0265,0017,15:20:00,15:30:00,1,0,13
0266,0017,15:30:00,15:40:00,3,4,1
0267,0017,15:40:00,15:50:00,4,0,5
0268,0017,15:50:00,16:00:00,0,0,5
0269,0017,16:00:00,16:10:00,1,5,0
0270,0017,16:10:00,16:20:00,1,1,0
0271,0017,16:20:00,16:30:00,1,0,1
0272,0018,14:00:00,14:10:00,15,0,1
0273,0018,14:10:00,14:20:00,5,0,6
0274,0018,14:20:00,14:30:00,1,2,5
0275,0018,14:30:00,14:40:00,7,2,10
0276,0018,14:40:00,14:50:00,4,3,11
0277,0018,14:50:00,15:00:00,18,3,26
0278,0018,15:00:00,15:10:00,2,12,1
0279,0018,15:10:00,15:20:00,9,0,10
0280,0018,15:20:00,15:30:00,3,2,11
0281,0018,15:30:00,15:40:00,2,5,1
0282,0018,15:40:00,15:50:00,9,0,10
0283,0018,15:50:00,16:00:00,0,2,8
0284,0018,16:00:00,16:10:00,0,1,0
0285,0018,16:10:00,16:20:00,3,3,0
0286,0018,16:20:00,16:30:00,0,0,0
0287,0019,11:00:00,11:10:00,45,0,35
0288,0019,11:10:00,11:20:00,4,7,32
0289,0019,11:20:00,11:30:00,0,7,25
0290,0019,11:30:00,11:40:00,0,2,14
0291,0019,11:40:00,11:50:00,0,4,10
0292,0019,11:50:00,12:00:00,11,9,12
0293,0019,12:00:00,12:10:00,0,1,11
0294,0019,12:10:00,12:20:00,1,3,9
0295,0019,12:20:00,12:30:00,6,3,12
0296,0019,12:30:00,12:40:00,1,4,1
0297,0019,12:40:00,12:50:00,3,0,4
0298,0019,12:50:00,13:00:00,5,1,8
0299,0019,13:00:00,13:10:00,1,4,1
0300,0019,13:10:00,13:20:00,0,1,0
0301,0019,13:20:00,13:30:00,1,1,0
0302,0019,13:30:00,13:40:00,8,0,0
0303,0019,13:40:00,13:50:00,3,0,3
0304,0019,13:50:00,14:00:00,3,2,4
0305,0020,11:00:00,11:10:00,7,0,1
0306,0020,11:10:00,11:20:00,0,0,1
0307,0020,11:20:00,11:30:00,6,3,4
0308,0020,11:30:00,11:40:00,0,0,0
0309,0020,11:40:00,11:50:00,12,0,12
0310,0020,11:50:00,12:00:00,7,0,19
0311,0020,12:00:00,12:10:00,1,0,2
0312,0020,12:10:00,12:20:00,0,0,2
0313,0020,12:20:00,12:30:00,0,2,0
0314,0020,12:30:00,12:40:00,2,2,0
0315,0020,12:40:00,12:50:00,1,1,0
0316,0020,12:50:00,13:00:00,13,0,13
0317,0020,13:00:00,13:10:00,5,1,1
0318,0020,13:10:00,13:20:00,2,0,3
0319,0020,13:20:00,13:30:00,0,0,3
0320,0020,13:30:00,13:40:00,0,0,0
0321,0020,13:40:00,13:50:00,0,0,0
0322,0020,13:50:00,14:00:00,2,2,0
0323,0021,08:00:00,08:10:00,0,0,0
0324,0021,08:10:00,08:20:00,3,0,3
0325,0021,08:20:00,08:30:00,5,0,4
0326,0021,08:30:00,08:40:00,4,0,8
0327,0021,08:40:00,08:50:00,8,0,6
0328,0021,08:50:00,09:00:00,8,5,9
0329,0021,09:00:00,09:10:00,9,3,1
0330,0021,09:10:00,09:20:00,7,0,8
0331,0021,09:20:00,09:30:00,5,2,1
0332,0021,09:30:00,09:40:00,3,0,4
0333,0021,09:40:00,09:50:00,4,0,1
0334,0021,09:50:00,10:00:00,10,0,11
0335,0021,10:00:00,10:10:00,0,3,1
0336,0021,10:10:00,10:20:00,3,0,4
0337,0021,10:20:00,10:30:00,6,3,7
0338,0021,10:30:00,10:40:00,1,0,1
0339,0021,10:40:00,10:50:00,10,0,11
0340,0021,10:50:00,11:00:00,4,0,15
0341,0022,11:00:00,11:10:00,10,0,1
0342,0022,11:10:00,11:20:00,2,2,1
0343,0022,11:20:00,11:30:00,3,1,3
0344,0022,11:30:00,11:40:00,2,0,1
0345,0022,11:40:00,11:50:00,0,0,1
0346,0022,11:50:00,12:00:00,4,0,5
0347,0022,12:00:00,12:10:00,4,0,1
0348,0022,12:10:00,12:20:00,2,0,3
0349,0022,12:20:00,12:30:00,1,0,4
0350,0022,12:30:00,12:40:00,2,0,1
0351,0022,12:40:00,12:50:00,3,0,4
0352,0022,12:50:00,13:00:00,4,0,8
0353,0022,13:00:00,13:10:00,1,0,1
0354,0022,13:10:00,13:20:00,4,0,5
0355,0022,13:20:00,13:30:00,0,0,5
0356,0022,13:30:00,13:40:00,2,0,1
0357,0022,13:40:00,13:50:00,9,3,7
0358,0022,13:50:00,14:00:00,2,1,8
0359,0023,14:00:00,14:10:00,2,0,0
0360,0023,14:10:00,14:20:00,0,0,0
0361,0023,14:20:00,14:30:00,2,0,2
0362,0023,14:30:00,14:40:00,0,0,0
0363,0023,14:40:00,14:50:00,0,0,0
0364,0023,14:50:00,15:00:00,6,5,1
0365,0023,15:00:00,15:10:00,2,3,0
0366,0023,15:10:00,15:20:00,4,0,4
0367,0023,15:20:00,15:30:00,3,5,2
0368,0023,15:30:00,15:40:00,0,0,0
0369,0023,15:40:00,15:50:00,3,0,3
0370,0023,15:50:00,16:00:00,2,5,0
0371,0023,16:00:00,16:10:00,2,0,0
0372,0023,16:10:00,16:20:00,0,0,0
0373,0023,16:20:00,16:30:00,2,0,2
0374,0024,08:00:00,08:10:00,5,0,0
0375,0024,08:10:00,08:20:00,5,0,5
0376,0024,08:20:00,08:30:00,12,2,2
0377,0024,08:30:00,08:40:00,1,3,0
0378,0024,08:40:00,08:50:00,5,1,0
0379,0024,08:50:00,09:00:00,9,0,9
0380,0024,09:00:00,09:10:00,5,5,1
0381,0024,09:10:00,09:20:00,0,1,0
0382,0024,09:20:00,09:30:00,4,1,0
0383,0024,09:30:00,09:40:00,5,0,5
0384,0024,09:40:00,09:50:00,2,0,1
0385,0024,09:50:00,10:00:00,7,3,5
0386,0024,10:00:00,10:10:00,2,0,0
0387,0024,10:10:00,10:20:00,3,0,3
0388,0024,10:20:00,10:30:00,0,1,2
0389,0024,10:30:00,10:40:00,2,0,0
0390,0024,10:40:00,10:50:00,9,2,7
0391,0024,10:50:00,11:00:00,8,0,15
0392,0025,08:00:00,08:10:00,7,0,0
0393,0025,08:10:00,08:20:00,31,1,30
0394,0025,08:20:00,08:30:00,24,0,2
0395,0025,08:30:00,08:40:00,6,0,8
0396,0025,08:40:00,08:50:00,84,0,17
0397,0025,08:50:00,09:00:00,63,0,80
0398,0025,09:00:00,09:10:00,53,2,54
0399,0025,09:10:00,09:20:00,32,0,86
0400,0025,09:20:00,09:30:00,33,2,16
0401,0025,09:30:00,09:40:00,27,1,42
0402,0025,09:40:00,09:50:00,30,0,1
0403,0025,09:50:00,10:00:00,28,0,29
0404,0025,10:00:00,10:10:00,30,0,1
0405,0025,10:10:00,10:20:00,19,0,20
0406,0025,10:20:00,10:30:00,31,0,51
0407,0025,10:30:00,10:40:00,27,0,0
0408,0025,10:40:00,10:50:00,44,0,44
0409,0025,10:50:00,11:00:00,67,0,111
0410,0026,11:00:00,11:10:00,3,0,0
0411,0026,11:10:00,11:20:00,4,2,2
0412,0026,11:20:00,11:30:00,5,1,6
0413,0026,11:30:00,11:40:00,7,3,1
0414,0026,11:40:00,11:50:00,6,1,6
0415,0026,11:50:00,12:00:00,2,6,2
0416,0026,12:00:00,12:10:00,5,0,0
0417,0026,12:10:00,12:20:00,3,0,3
0418,0026,12:20:00,12:30:00,3,3,3
0419,0026,12:30:00,12:40:00,1,3,0
0420,0026,12:40:00,12:50:00,0,0,0
0421,0026,12:50:00,13:00:00,0,0,0
0422,0026,13:00:00,13:10:00,4,1,0
0423,0026,13:10:00,13:20:00,2,0,2
0424,0026,13:20:00,13:30:00,1,2,1
0425,0026,13:30:00,13:40:00,7,2,1
0426,0026,13:40:00,13:50:00,0,1,0
0427,0026,13:50:00,14:00:00,4,0,4
0428,0027,08:00:00,08:10:00,6,0,0
0429,0027,08:10:00,08:20:00,3,0,3
0430,0027,08:20:00,08:30:00,2,0,5
0431,0027,08:30:00,08:40:00,3,2,6
0432,0027,08:40:00,08:50:00,12,1,8
0433,0027,08:50:00,09:00:00,12,0,20
0434,0027,09:00:00,09:10:00,9,4,12
0435,0027,09:10:00,09:20:00,6,2,16
0436,0027,09:20:00,09:30:00,3,3,1
0437,0027,09:30:00,09:40:00,6,1,6
0438,0027,09:40:00,09:50:00,1,4,0
0439,0027,09:50:00,10:00:00,6,1,5
0440,0027,10:00:00,10:10:00,2,2,4
0441,0027,10:10:00,10:20:00,3,0,7
0442,0027,10:20:00,10:30:00,4,1,10
0443,0027,10:30:00,10:40:00,6,2,9
0444,0027,10:40:00,10:50:00,4,0,13
0445,0027,10:50:00,11:00:00,11,3,21
0446,0028,08:00:00,08:10:00,0,0,0
0447,0028,08:10:00,08:20:00,6,0,6
0448,0028,08:20:00,08:30:00,6,3,0
0449,0028,08:30:00,08:40:00,8,0,8
0450,0028,08:40:00,08:50:00,7,1,9
0451,0028,08:50:00,09:00:00,12,2,19
0452,0028,09:00:00,09:10:00,9,3,21
0453,0028,09:10:00,09:20:00,10,5,26
0454,0028,09:20:00,09:30:00,5,6,25
0455,0028,09:30:00,09:40:00,6,2,29
0456,0028,09:40:00,09:50:00,9,14,11
0457,0028,09:50:00,10:00:00,7,1,17
0458,0028,10:00:00,10:10:00,5,4,15
0459,0028,10:10:00,10:20:00,5,4,16
0460,0028,10:20:00,10:30:00,2,4,14
0461,0028,10:30:00,10:40:00,6,3,11
0462,0028,10:40:00,10:50:00,10,4,17
0463,0028,10:50:00,11:00:00,15,5,27
0464,0029,08:00:00,08:10:00,5,0,0
0465,0029,08:10:00,08:20:00,2,1,1
0466,0029,08:20:00,08:30:00,5,0,1
0467,0029,08:30:00,08:40:00,3,3,1
0468,0029,08:40:00,08:50:00,3,0,0
0469,0029,08:50:00,09:00:00,6,0,6
0470,0029,09:00:00,09:10:00,6,0,1
0471,0029,09:10:00,09:20:00,3,0,4
0472,0029,09:20:00,09:30:00,8,2,1
0473,0029,09:30:00,09:40:00,5,0,6
0474,0029,09:40:00,09:50:00,3,0,1
0475,0029,09:50:00,10:00:00,9,0,10
0476,0029,10:00:00,10:10:00,0,0,1
0477,0029,10:10:00,10:20:00,0,1,0
0478,0029,10:20:00,10:30:00,1,0,1
0479,0029,10:30:00,10:40:00,0,0,0
0480,0029,10:40:00,10:50:00,1,0,1
0481,0029,10:50:00,11:00:00,8,0,9
0482,0030,14:00:00,14:10:00,3,0,0
0483,0030,14:10:00,14:20:00,2,0,2
0484,0030,14:20:00,14:30:00,0,2,0
0485,0030,14:30:00,14:40:00,3,0,0
0486,0030,14:40:00,14:50:00,0,0,0
0487,0030,14:50:00,15:00:00,4,1,3
0488,0030,15:00:00,15:10:00,9,3,1
0489,0030,15:10:00,15:20:00,3,2,2
0490,0030,15:20:00,15:30:00,5,2,5
0491,0030,15:30:00,15:40:00,5,3,1
0492,0030,15:40:00,15:50:00,8,2,7
0493,0030,15:50:00,16:00:00,5,4,8
0494,0030,16:00:00,16:10:00,4,4,1
0495,0030,16:10:00,16:20:00,2,2,1
0496,0030,16:20:00,16:30:00,0,1,0
0497,0031,11:00:00,11:10:00,7,0,1
0498,0031,11:10:00,11:20:00,3,0,4
0499,0031,11:20:00,11:30:00,8,3,9
0500,0031,11:30:00,11:40:00,0,4,5
0501,0031,11:40:00,11:50:00,0,0,5
0502,0031,11:50:00,12:00:00,4,5,4
0503,0031,12:00:00,12:10:00,3,3,2
0504,0031,12:10:00,12:20:00,1,0,3
0505,0031,12:20:00,12:30:00,2,2,3
0506,0031,12:30:00,12:40:00,0,0,3
0507,0031,12:40:00,12:50:00,8,1,10
0508,0031,12:50:00,13:00:00,2,2,10
0509,0031,13:00:00,13:10:00,7,0,11
0510,0031,13:10:00,13:20:00,1,3,9
0511,0031,13:20:00,13:30:00,3,7,5
0512,0031,13:30:00,13:40:00,2,0,2
0513,0031,13:40:00,13:50:00,11,1,12
0514,0031,13:50:00,14:00:00,9,4,17
0515,0032,14:00:00,14:10:00,4,4,0
0516,0032,14:10:00,14:20:00,2,2,0
0517,0032,14:20:00,14:30:00,0,0,0
0518,0032,14:30:00,14:40:00,6,2,0
0519,0032,14:40:00,14:50:00,8,0,8
0520,0032,14:50:00,15:00:00,11,0,19
0521,0032,15:00:00,15:10:00,7,7,19
0522,0032,15:10:00,15:20:00,0,4,15
0523,0032,15:20:00,15:30:00,7,0,22
0524,0032,15:30:00,15:40:00,3,5,4
0525,0032,15:40:00,15:50:00,2,0,6
0526,0032,15:50:00,16:00:00,4,0,10
0527,0032,16:00:00,16:10:00,0,8,0
0528,0032,16:10:00,16:20:00,6,0,6
0529,0032,16:20:00,16:30:00,6,5,7
0530,0033,11:00:00,11:10:00,0,0,0
0531,0033,11:10:00,11:20:00,0,0,0
0532,0033,11:20:00,11:30:00,1,1,0
0533,0033,11:30:00,11:40:00,3,1,0
0534,0033,11:40:00,11:50:00,2,2,0
0535,0033,11:50:00,12:00:00,9,0,9
0536,0033,12:00:00,12:10:00,0,4,1
0537,0033,12:10:00,12:20:00,2,0,3
0538,0033,12:20:00,12:30:00,0,0,3
0539,0033,12:30:00,12:40:00,0,3,0
0540,0033,12:40:00,12:50:00,5,1,4
0541,0033,12:50:00,13:00:00,2,0,6
0542,0033,13:00:00,13:10:00,4,2,8
0543,0033,13:10:00,13:20:00,3,2,9
0544,0033,13:20:00,13:30:00,3,2,10
0545,0033,13:30:00,13:40:00,2,3,1
0546,0033,13:40:00,13:50:00,0,0,1
0547,0033,13:50:00,14:00:00,2,1,2
0548,0034,08:00:00,08:10:00,1,1,0
0549,0034,08:10:00,08:20:00,2,1,1
0550,0034,08:20:00,08:30:00,9,1,1
0551,0034,08:30:00,08:40:00,8,1,8
0552,0034,08:40:00,08:50:00,1,4,1
0553,0034,08:50:00,09:00:00,7,0,8
0554,0034,09:00:00,09:10:00,8,8,1
0555,0034,09:10:00,09:20:00,9,2,8
0556,0034,09:20:00,09:30:00,0,5,0
0557,0034,09:30:00,09:40:00,0,0,0
0558,0034,09:40:00,09:50:00,1,0,0
0559,0034,09:50:00,10:00:00,0,0,0
0560,0034,10:00:00,10:10:00,0,0,0
0561,0034,10:10:00,10:20:00,2,0,2
0562,0034,10:20:00,10:30:00,0,2,0
0563,0034,10:30:00,10:40:00,0,0,0
0564,0034,10:40:00,10:50:00,4,0,4
0565,0034,10:50:00,11:00:00,6,4,6
0566,0035,11:00:00,11:10:00,5,0,1
0567,0035,11:10:00,11:20:00,3,1,3
0568,0035,11:20:00,11:30:00,4,3,4
0569,0035,11:30:00,11:40:00,1,5,0
0570,0035,11:40:00,11:50:00,3,0,3
0571,0035,11:50:00,12:00:00,1,2,2
0572,0035,12:00:00,12:10:00,2,4,0
0573,0035,12:10:00,12:20:00,0,0,0
0574,0035,12:20:00,12:30:00,0,0,0
0575,0035,12:30:00,12:40:00,2,0,0
0576,0035,12:40:00,12:50:00,4,0,4
0577,0035,12:50:00,13:00:00,9,6,7
0578,0035,13:00:00,13:10:00,3,6,0
0579,0035,13:10:00,13:20:00,0,0,0
0580,0035,13:20:00,13:30:00,1,0,1
0581,0035,13:30:00,13:40:00,1,2,0
0582,0035,13:40:00,13:50:00,2,0,2
0583,0035,13:50:00,14:00:00,5,2,5
0584,0036,11:00:00,11:10:00,8,0,1
0585,0036,11:10:00,11:20:00,2,0,3
0586,0036,11:20:00,11:30:00,3,4,2
0587,0036,11:30:00,11:40:00,1,3,0
0588,0036,11:40:00,11:50:00,1,1,0
0589,0036,11:50:00,12:00:00,0,0,0
0590,0036,12:00:00,12:10:00,0,0,0
0591,0036,12:10:00,12:20:00,6,0,6
0592,0036,12:20:00,12:30:00,4,4,6
0593,0036,12:30:00,12:40:00,4,3,0
0594,0036,12:40:00,12:50:00,5,0,5
0595,0036,12:50:00,13:00:00,8,0,13
0596,0036,13:00:00,13:10:00,3,6,1
0597,0036,13:10:00,13:20:00,1,1,1
0598,0036,13:20:00,13:30:00,5,3,3
0599,0036,13:30:00,13:40:00,1,4,0
0600,0036,13:40:00,13:50:00,0,0,0
0601,0036,13:50:00,14:00:00,0,0,0
0602,0037,11:00:00,11:10:00,14,1,2
0603,0037,11:10:00,11:20:00,10,1,11
0604,0037,11:20:00,11:30:00,3,2,12
0605,0037,11:30:00,11:40:00,10,2,5
0606,0037,11:40:00,11:50:00,4,2,7
0607,0037,11:50:00,12:00:00,9,4,12
0608,0037,12:00:00,12:10:00,4,4,1
0609,0037,12:10:00,12:20:00,10,0,11
0610,0037,12:20:00,12:30:00,3,7,7
0611,0037,12:30:00,12:40:00,1,3,1
0612,0037,12:40:00,12:50:00,2,0,3
0613,0037,12:50:00,13:00:00,8,0,11
0614,0037,13:00:00,13:10:00,6,0,3
0615,0037,13:10:00,13:20:00,2,0,5
0616,0037,13:20:00,13:30:00,3,0,8
0617,0037,13:30:00,13:40:00,2,0,10
0618,0037,13:40:00,13:50:00,9,3,16
0619,0037,13:50:00,14:00:00,5,3,18
0620,0038,14:00:00,14:10:00,28,0,1
0621,0038,14:10:00,14:20:00,20,1,20
0622,0038,14:20:00,14:30:00,30,0,50
0623,0038,14:30:00,14:40:00,20,0,3
0624,0038,14:40:00,14:50:00,37,0,40
0625,0038,14:50:00,15:00:00,67,0,107
0626,0038,15:00:00,15:10:00,48,0,0
0627,0038,15:10:00,15:20:00,32,0,32
0628,0038,15:20:00,15:30:00,31,0,63
0629,0038,15:30:00,15:40:00,26,0,4
0630,0038,15:40:00,15:50:00,32,0,36
0631,0038,15:50:00,16:00:00,21,1,56
0632,0038,16:00:00,16:10:00,13,4,2
0633,0038,16:10:00,16:20:00,16,0,18
0634,0038,16:20:00,16:30:00,16,0,34
0635,0039,14:00:00,14:10:00,3,0,0
0636,0039,14:10:00,14:20:00,1,0,1
0637,0039,14:20:00,14:30:00,5,0,6
0638,0039,14:30:00,14:40:00,3,0,1
0639,0039,14:40:00,14:50:00,5,0,6
0640,0039,14:50:00,15:00:00,5,0,11
0641,0039,15:00:00,15:10:00,2,3,1
0642,0039,15:10:00,15:20:00,0,1,0
0643,0039,15:20:00,15:30:00,5,0,5
0644,0039,15:30:00,15:40:00,6,2,1
0645,0039,15:40:00,15:50:00,2,0,3
0646,0039,15:50:00,16:00:00,6,0,9
0647,0039,16:00:00,16:10:00,6,0,2
0648,0039,16:10:00,16:20:00,0,1,1
0649,0039,16:20:00,16:30:00,0,1,0
0650,0040,14:00:00,14:10:00,3,0,0
0651,0040,14:10:00,14:20:00,7,0,7
0652,0040,14:20:00,14:30:00,0,3,4
0653,0040,14:30:00,14:40:00,2,4,0
0654,0040,14:40:00,14:50:00,0,0,0
0655,0040,14:50:00,15:00:00,0,0,0
0656,0040,15:00:00,15:10:00,0,0,0
0657,0040,15:10:00,15:20:00,3,1,2
0658,0040,15:20:00,15:30:00,2,4,0
0659,0040,15:30:00,15:40:00,2,0,0
0660,0040,15:40:00,15:50:00,3,0,3
0661,0040,15:50:00,16:00:00,0,3,0
0662,0040,16:00:00,16:10:00,0,0,0
0663,0040,16:10:00,16:20:00,2,0,2
0664,0040,16:20:00,16:30:00,2,3,1
0665,0041,14:00:00,14:10:00,4,0,0
0666,0041,14:10:00,14:20:00,0,0,0
0667,0041,14:20:00,14:30:00,4,0,4
0668,0041,14:30:00,14:40:00,12,1,1
0669,0041,14:40:00,14:50:00,8,1,8
0670,0041,14:50:00,15:00:00,6,1,13
0671,0041,15:00:00,15:10:00,14,1,3
0672,0041,15:10:00,15:20:00,10,0,13
0673,0041,15:20:00,15:30:00,1,3,11
0674,0041,15:30:00,15:40:00,5,0,2
0675,0041,15:40:00,15:50:00,7,0,9
0676,0041,15:50:00,16:00:00,3,0,12
0677,0041,16:00:00,16:10:00,0,5,0
0678,0041,16:10:00,16:20:00,4,0,4
0679,0041,16:20:00,16:30:00,0,0,4
0680,0042,11:00:00,11:10:00,10,0,6
0681,0042,11:10:00,11:20:00,1,0,7
0682,0042,11:20:00,11:30:00,2,2,7
0683,0042,11:30:00,11:40:00,4,0,5
0684,0042,11:40:00,11:50:00,2,0,7
0685,0042,11:50:00,12:00:00,1,2,6
0686,0042,12:00:00,12:10:00,7,0,7
0687,0042,12:10:00,12:20:00,4,0,11
0688,0042,12:20:00,12:30:00,0,4,7
0689,0042,12:30:00,12:40:00,1,0,1
0690,0042,12:40:00,12:50:00,2,2,1
0691,0042,12:50:00,13:00:00,4,0,5
0692,0042,13:00:00,13:10:00,0,1,4
0693,0042,13:10:00,13:20:00,7,0,11
0694,0042,13:20:00,13:30:00,4,0,15
0695,0042,13:30:00,13:40:00,5,4,11
0696,0042,13:40:00,13:50:00,3,1,13
0697,0042,13:50:00,14:00:00,2,0,15
0698,0043,14:00:00,14:10:00,5,0,0
0699,0043,14:10:00,14:20:00,2,0,2
0700,0043,14:20:00,14:30:00,4,0,6
0701,0043,14:30:00,14:40:00,10,3,4
0702,0043,14:40:00,14:50:00,9,0,13
0703,0043,14:50:00,15:00:00,17,4,26
0704,0043,15:00:00,15:10:00,7,2,28
0705,0043,15:10:00,15:20:00,4,15,17
0706,0043,15:20:00,15:30:00,6,4,19
0707,0043,15:30:00,15:40:00,12,5,10
0708,0043,15:40:00,15:50:00,6,6,10
0709,0043,15:50:00,16:00:00,4,3,11
0710,0043,16:00:00,16:10:00,4,3,8
0711,0043,16:10:00,16:20:00,5,0,13
0712,0043,16:20:00,16:30:00,6,2,17
0713,0044,08:00:00,08:10:00,6,0,0
0714,0044,08:10:00,08:20:00,4,3,1
0715,0044,08:20:00,08:30:00,0,1,0
0716,0044,08:30:00,08:40:00,3,1,2
0717,0044,08:40:00,08:50:00,4,0,0
0718,0044,08:50:00,09:00:00,5,0,5
0719,0044,09:00:00,09:10:00,5,0,1
0720,0044,09:10:00,09:20:00,4,3,2
0721,0044,09:20:00,09:30:00,1,0,0
0722,0044,09:30:00,09:40:00,6,0,6
0723,0044,09:40:00,09:50:00,3,0,1
0724,0044,09:50:00,10:00:00,3,3,1
0725,0044,10:00:00,10:10:00,9,0,1
0726,0044,10:10:00,10:20:00,8,0,9
0727,0044,10:20:00,10:30:00,8,0,17
0728,0044,10:30:00,10:40:00,0,2,1
0729,0044,10:40:00,10:50:00,5,0,6
0730,0044,10:50:00,11:00:00,0,0,6
0731,0045,08:00:00,08:10:00,4,1,0
0732,0045,08:10:00,08:20:00,8,0,8
0733,0045,08:20:00,08:30:00,1,3,1
0734,0045,08:30:00,08:40:00,10,1,10
0735,0045,08:40:00,08:50:00,8,2,2
0736,0045,08:50:00,09:00:00,10,0,12
0737,0045,09:00:00,09:10:00,2,3,2
0738,0045,09:10:00,09:20:00,2,2,2
0739,0045,09:20:00,09:30:00,6,1,0
0740,0045,09:30:00,09:40:00,0,0,0
0741,0045,09:40:00,09:50:00,0,0,0
0742,0045,09:50:00,10:00:00,7,1,6
0743,0045,10:00:00,10:10:00,6,6,1
0744,0045,10:10:00,10:20:00,8,2,7
0745,0045,10:20:00,10:30:00,4,3,8
0746,0045,10:30:00,10:40:00,4,6,0
0747,0045,10:40:00,10:50:00,10,0,10
0748,0045,10:50:00,11:00:00,9,3,16
0749,0046,14:00:00,14:10:00,4,0,0
0750,0046,14:10:00,14:20:00,0,0,0
0751,0046,14:20:00,14:30:00,1,0,1
0752,0046,14:30:00,14:40:00,4,1,0
0753,0046,14:40:00,14:50:00,0,0,0
0754,0046,14:50:00,15:00:00,4,0,4
0755,0046,15:00:00,15:10:00,3,2,1
0756,0046,15:10:00,15:20:00,0,0,1
0757,0046,15:20:00,15:30:00,11,6,6
0758,0046,15:30:00,15:40:00,0,0,5
0759,0046,15:40:00,15:50:00,4,2,7
0760,0046,15:50:00,16:00:00,2,0,9
0761,0046,16:00:00,16:10:00,2,1,1
0762,0046,16:10:00,16:20:00,0,1,0
0763,0046,16:20:00,16:30:00,5,0,5
0764,0047,08:00:00,08:10:00,2,2,0
0765,0047,08:10:00,08:20:00,0,0,0
0766,0047,08:20:00,08:30:00,5,2,0
0767,0047,08:30:00,08:40:00,2,0,2
0768,0047,08:40:00,08:50:00,3,4,0
0769,0047,08:50:00,09:00:00,14,3,11
0770,0047,09:00:00,09:10:00,7,0,13
0771,0047,09:10:00,09:20:00,7,7,13
0772,0047,09:20:00,09:30:00,3,4,12
0773,0047,09:30:00,09:40:00,0,3,9
0774,0047,09:40:00,09:50:00,7,0,1
0775,0047,09:50:00,10:00:00,7,0,8
0776,0047,10:00:00,10:10:00,2,2,8
0777,0047,10:10:00,10:20:00,0,3,5
0778,0047,10:20:00,10:30:00,0,3,2
0779,0047,10:30:00,10:40:00,0,2,0
0780,0047,10:40:00,10:50:00,4,1,3
0781,0047,10:50:00,11:00:00,8,3,8
0782,0048,11:00:00,11:10:00,56,2,1
0783,0048,11:10:00,11:20:00,30,0,31
0784,0048,11:20:00,11:30:00,27,1,57
0785,0048,11:30:00,11:40:00,28,1,2
0786,0048,11:40:00,11:50:00,28,0,30
0787,0048,11:50:00,12:00:00,28,0,58
0788,0048,12:00:00,12:10:00,20,0,0
0789,0048,12:10:00,12:20:00,13,1,12
0790,0048,12:20:00,12:30:00,18,0,30
0791,0048,12:30:00,12:40:00,18,0,2
0792,0048,12:40:00,12:50:00,22,0,24
0793,0048,12:50:00,13:00:00,36,0,60
0794,0048,13:00:00,13:10:00,31,1,0
0795,0048,13:10:00,13:20:00,15,0,15
0796,0048,13:20:00,13:30:00,13,0,28
0797,0048,13:30:00,13:40:00,30,0,3
0798,0048,13:40:00,13:50:00,26,0,29
0799,0048,13:50:00,14:00:00,25,1,53
0800,0049,08:00:00,08:10:00,0,0,0
0801,0049,08:10:00,08:20:00,4,0,4
0802,0049,08:20:00,08:30:00,6,0,2
0803,0049,08:30:00,08:40:00,2,3,1
0804,0049,08:40:00,08:50:00,6,2,1
0805,0049,08:50:00,09:00:00,10,1,10
0806,0049,09:00:00,09:10:00,2,5,7
0807,0049,09:10:00,09:20:00,0,1,6
0808,0049,09:20:00,09:30:00,3,0,1
0809,0049,09:30:00,09:40:00,7,0,8
0810,0049,09:40:00,09:50:00,1,4,1
0811,0049,09:50:00,10:00:00,12,0,13
0812,0049,10:00:00,10:10:00,8,1,16
0813,0049,10:10:00,10:20:00,0,5,11
0814,0049,10:20:00,10:30:00,3,2,12
0815,0049,10:30:00,10:40:00,7,1,5
0816,0049,10:40:00,10:50:00,2,2,5
0817,0049,10:50:00,11:00:00,9,1,13
0818,0050,11:00:00,11:10:00,2,0,2
0819,0050,11:10:00,11:20:00,0,2,0
0820,0050,11:20:00,11:30:00,2,2,0
0821,0050,11:30:00,11:40:00,0,0,0
0822,0050,11:40:00,11:50:00,0,0,0
0823,0050,11:50:00,12:00:00,1,0,1
0824,0050,12:00:00,12:10:00,6,3,4
0825,0050,12:10:00,12:20:00,0,0,4
0826,0050,12:20:00,12:30:00,2,1,5
0827,0050,12:30:00,12:40:00,0,3,2
0828,0050,12:40:00,12:50:00,5,2,5
0829,0050,12:50:00,13:00:00,1,5,1
0830,0050,13:00:00,13:10:00,5,2,4
0831,0050,13:10:00,13:20:00,0,4,0
0832,0050,13:20:00,13:30:00,1,1,0
0833,0050,13:30:00,13:40:00,5,0,5
0834,0050,13:40:00,13:50:00,3,2,6
0835,0050,13:50:00,14:00:00,1,2,5
0836,0051,14:00:00,14:10:00,2,1,1
0837,0051,14:10:00,14:20:00,0,0,1
0838,0051,14:20:00,14:30:00,2,0,3
0839,0051,14:30:00,14:40:00,3,0,6
0840,0051,14:40:00,14:50:00,5,0,11
0841,0051,14:50:00,15:00:00,4,0,15
0842,0051,15:00:00,15:10:00,0,0,15
0843,0051,15:10:00,15:20:00,0,0,15
0844,0051,15:20:00,15:30:00,0,1,14
0845,0051,15:30:00,15:40:00,0,0,14
0846,0051,15:40:00,15:50:00,0,0,14
0847,0051,15:50:00,16:00:00,0,0,14
0848,0051,16:00:00,16:10:00,0,0,14
0849,0051,16:10:00,16:20:00,4,0,18
0850,0051,16:20:00,16:30:00,0,1,17
0851,0052,14:00:00,14:10:00,7,0,0
0852,0052,14:10:00,14:20:00,6,0,6
0853,0052,14:20:00,14:30:00,8,0,14
0854,0052,14:30:00,14:40:00,8,3,7
0855,0052,14:40:00,14:50:00,14,2,19
0856,0052,14:50:00,15:00:00,13,8,24
0857,0052,15:00:00,15:10:00,10,6,25
0858,0052,15:10:00,15:20:00,12,4,33
0859,0052,15:20:00,15:30:00,8,17,24
0860,0052,15:30:00,15:40:00,9,7,14
0861,0052,15:40:00,15:50:00,8,4,18
0862,0052,15:50:00,16:00:00,5,3,20
0863,0052,16:00:00,16:10:00,2,7,13
0864,0052,16:10:00,16:20:00,3,5,11
0865,0052,16:20:00,16:30:00,2,3,10
0866,0053,14:00:00,14:10:00,5,0,5
0867,0053,14:10:00,14:20:00,2,0,7
0868,0053,14:20:00,14:30:00,0,2,5
0869,0053,14:30:00,14:40:00,0,0,0
0870,0053,14:40:00,14:50:00,0,0,0
0871,0053,14:50:00,15:00:00,10,0,10
0872,0053,15:00:00,15:10:00,7,0,7
0873,0053,15:10:00,15:20:00,2,1,8
0874,0053,15:20:00,15:30:00,1,2,7
0875,0053,15:30:00,15:40:00,0,0,7
0876,0053,15:40:00,15:50:00,8,0,15
0877,0053,15:50:00,16:00:00,0,4,11
0878,0053,16:00:00,16:10:00,0,2,5
0879,0053,16:10:00,16:20:00,0,2,3
0880,0053,16:20:00,16:30:00,6,0,9
0881,0054,14:00:00,14:10:00,6,0,1
0882,0054,14:10:00,14:20:00,5,0,6
0883,0054,14:20:00,14:30:00,12,1,17
0884,0054,14:30:00,14:40:00,8,4,17
0885,0054,14:40:00,14:50:00,7,5,19
0886,0054,14:50:00,15:00:00,19,6,32
0887,0054,15:00:00,15:10:00,9,5,32
0888,0054,15:10:00,15:20:00,12,8,36
0889,0054,15:20:00,15:30:00,9,18,27
0890,0054,15:30:00,15:40:00,5,14,2
0891,0054,15:40:00,15:50:00,1,0,3
0892,0054,15:50:00,16:00:00,4,0,7
0893,0054,16:00:00,16:10:00,2,3,0
0894,0054,16:10:00,16:20:00,10,5,5
0895,0054,16:20:00,16:30:00,12,0,17
0896,0055,14:00:00,14:10:00,1,0,1
0897,0055,14:10:00,14:20:00,0,0,1
0898,0055,14:20:00,14:30:00,0,0,1
0899,0055,14:30:00,14:40:00,0,0,1
0900,0055,14:40:00,14:50:00,1,2,0
0901,0055,14:50:00,15:00:00,1,0,1
0902,0055,15:00:00,15:10:00,0,1,0
0903,0055,15:10:00,15:20:00,7,0,7
0904,0055,15:20:00,15:30:00,0,0,7
0905,0055,15:30:00,15:40:00,5,2,10
0906,0055,15:40:00,15:50:00,4,2,12
0907,0055,15:50:00,16:00:00,0,1,11
0908,0055,16:00:00,16:10:00,2,3,10
0909,0055,16:10:00,16:20:00,4,2,12
0910,0055,16:20:00,16:30:00,0,2,10
0911,0056,08:00:00,08:10:00,4,3,0
0912,0056,08:10:00,08:20:00,0,0,0
0913,0056,08:20:00,08:30:00,0,0,0
0914,0056,08:30:00,08:40:00,0,0,0
0915,0056,08:40:00,08:50:00,0,0,0
0916,0056,08:50:00,09:00:00,0,0,0
0917,0056,09:00:00,09:10:00,0,0,0
0918,0056,09:10:00,09:20:00,0,0,0
0919,0056,09:20:00,09:30:00,0,0,0
0920,0056,09:30:00,09:40:00,0,0,0
0921,0056,09:40:00,09:50:00,3,0,0
0922,0056,09:50:00,10:00:00,1,1,0
0923,0056,10:00:00,10:10:00,0,0,0
0924,0056,10:10:00,10:20:00,5,0,5
0925,0056,10:20:00,10:30:00,1,0,6
0926,0056,10:30:00,10:40:00,1,3,0
0927,0056,10:40:00,10:50:00,1,0,1
0928,0056,10:50:00,11:00:00,1,1,1
0929,0057,11:00:00,11:10:00,4,0,0
0930,0057,11:10:00,11:20:00,7,2,5
0931,0057,11:20:00,11:30:00,2,1,6
0932,0057,11:30:00,11:40:00,2,2,1
0933,0057,11:40:00,11:50:00,5,0,6
0934,0057,11:50:00,12:00:00,3,0,9
0935,0057,12:00:00,12:10:00,2,1,1
0936,0057,12:10:00,12:20:00,8,2,7
0937,0057,12:20:00,12:30:00,3,0,10
0938,0057,12:30:00,12:40:00,5,1,2
0939,0057,12:40:00,12:50:00,0,0,2
0940,0057,12:50:00,13:00:00,3,0,5
0941,0057,13:00:00,13:10:00,5,2,1
0942,0057,13:10:00,13:20:00,7,0,8
0943,0057,13:20:00,13:30:00,3,1,10
0944,0057,13:30:00,13:40:00,5,0,2
0945,0057,13:40:00,13:50:00,0,2,0
0946,0057,13:50:00,14:00:00,6,0,6
0947,0058,14:00:00,14:10:00,4,0,1
0948,0058,14:10:00,14:20:00,5,0,6
0949,0058,14:20:00,14:30:00,2,0,8
0950,0058,14:30:00,14:40:00,3,0,1
0951,0058,14:40:00,14:50:00,5,0,6
0952,0058,14:50:00,15:00:00,5,3,8
0953,0058,15:00:00,15:10:00,1,0,1
0954,0058,15:10:00,15:20:00,3,0,4
0955,0058,15:20:00,15:30:00,4,0,8
0956,0058,15:30:00,15:40:00,4,0,1
0957,0058,15:40:00,15:50:00,4,0,5
0958,0058,15:50:00,16:00:00,1,0,6
0959,0058,16:00:00,16:10:00,2,0,1
0960,0058,16:10:00,16:20:00,0,1,0
0961,0058,16:20:00,16:30:00,0,0,0
0962,0059,11:00:00,11:10:00,0,0,0
0963,0059,11:10:00,11:20:00,0,0,0
0964,0059,11:20:00,11:30:00,0,0,0
0965,0059,11:30:00,11:40:00,6,0,1
0966,0059,11:40:00,11:50:00,2,3,0
0967,0059,11:50:00,12:00:00,5,0,5
0968,0059,12:00:00,12:10:00,5,0,1
0969,0059,12:10:00,12:20:00,3,0,4
0970,0059,12:20:00,12:30:00,4,1,7
0971,0059,12:30:00,12:40:00,1,0,1
0972,0059,12:40:00,12:50:00,10,0,11
0973,0059,12:50:00,13:00:00,3,3,11
0974,0059,13:00:00,13:10:00,4,0,1
0975,0059,13:10:00,13:20:00,0,0,1
0976,0059,13:20:00,13:30:00,8,0,9
0977,0059,13:30:00,13:40:00,3,2,1
0978,0059,13:40:00,13:50:00,3,0,4
0979,0059,13:50:00,14:00:00,0,0,4
0980,0060,08:00:00,08:10:00,1,0,0
0981,0060,08:10:00,08:20:00,9,1,8
0982,0060,08:20:00,08:30:00,12,4,12
0983,0060,08:30:00,08:40:00,10,3,19
0984,0060,08:40:00,08:50:00,5,5,5
0985,0060,08:50:00,09:00:00,17,0,22
0986,0060,09:00:00,09:10:00,8,2,9
0987,0060,09:10:00,09:20:00,6,3,12
0988,0060,09:20:00,09:30:00,4,6,1
0989,0060,09:30:00,09:40:00,5,0,6
0990,0060,09:40:00,09:50:00,8,3,1
0991,0060,09:50:00,10:00:00,5,0,6
0992,0060,10:00:00,10:10:00,0,1,0
0993,0060,10:10:00,10:20:00,8,2,6
0994,0060,10:20:00,10:30:00,7,1,12
0995,0060,10:30:00,10:40:00,5,4,3
0996,0060,10:40:00,10:50:00,9,1,11
0997,0060,10:50:00,11:00:00,18,0,29
0998,0061,08:00:00,08:10:00,4,0,0
0999,0061,08:10:00,08:20:00,11,0,11
1000,0061,08:20:00,08:30:00,8,2,9
1001,0061,08:30:00,08:40:00,10,1,18
1002,0061,08:40:00,08:50:00,7,5,17
1003,0061,08:50:00,09:00:00,14,6,25
1004,0061,09:00:00,09:10:00,13,7,21
1005,0061,09:10:00,09:20:00,3,7,17
1006,0061,09:20:00,09:30:00,3,4,11
1007,0061,09:30:00,09:40:00,10,3,18
1008,0061,09:40:00,09:50:00,0,3,1
1009,0061,09:50:00,10:00:00,3,0,4
1010,0061,10:00:00,10:10:00,1,1,0
1011,0061,10:10:00,10:20:00,8,0,8
1012,0061,10:20:00,10:30:00,5,0,13
1013,0061,10:30:00,10:40:00,9,4,18
1014,0061,10:40:00,10:50:00,10,6,22
1015,0061,10:50:00,11:00:00,16,8,30
1016,0062,11:00:00,11:10:00,0,0,0
1017,0062,11:10:00,11:20:00,2,0,2
1018,0062,11:20:00,11:30:00,4,2,4
1019,0062,11:30:00,11:40:00,1,0,5
1020,0062,11:40:00,11:50:00,6,0,11
1021,0062,11:50:00,12:00:00,2,2,11
1022,0062,12:00:00,12:10:00,0,4,7
1023,0062,12:10:00,12:20:00,3,1,9
1024,0062,12:20:00,12:30:00,3,2,10
1025,0062,12:30:00,12:40:00,2,4,8
1026,0062,12:40:00,12:50:00,5,4,9
1027,0062,12:50:00,13:00:00,6,0,15
1028,0062,13:00:00,13:10:00,4,2,17
1029,0062,13:10:00,13:20:00,0,5,12
1030,0062,13:20:00,13:30:00,3,0,15
1031,0062,13:30:00,13:40:00,2,5,12
1032,0062,13:40:00,13:50:00,5,2,15
1033,0062,13:50:00,14:00:00,7,4,18
1034,0063,11:00:00,11:10:00,11,1,10
1035,0063,11:10:00,11:20:00,0,1,9
1036,0063,11:20:00,11:30:00,6,4,11
1037,0063,11:30:00,11:40:00,6,2,12
1038,0063,11:40:00,11:50:00,0,6,6
1039,0063,11:50:00,12:00:00,6,2,10
1040,0063,12:00:00,12:10:00,3,1,7
1041,0063,12:10:00,12:20:00,2,0,9
1042,0063,12:20:00,12:30:00,1,2,8
1043,0063,12:30:00,12:40:00,5,7,1
1044,0063,12:40:00,12:50:00,0,1,0
1045,0063,12:50:00,13:00:00,9,2,7
1046,0063,13:00:00,13:10:00,0,0,0
1047,0063,13:10:00,13:20:00,8,1,7
1048,0063,13:20:00,13:30:00,7,4,10
1049,0063,13:30:00,13:40:00,8,0,8
1050,0063,13:40:00,13:50:00,0,3,5
1051,0063,13:50:00,14:00:00,2,1,6
1052,0064,14:00:00,14:10:00,5,0,0
1053,0064,14:10:00,14:20:00,1,1,0
1054,0064,14:20:00,14:30:00,0,0,0
1055,0064,14:30:00,14:40:00,9,1,1
1056,0064,14:40:00,14:50:00,4,2,3
1057,0064,14:50:00,15:00:00,3,4,2
1058,0064,15:00:00,15:10:00,5,2,1
1059,0064,15:10:00,15:20:00,3,1,3
1060,0064,15:20:00,15:30:00,0,3,0
1061,0064,15:30:00,15:40:00,5,0,1
1062,0064,15:40:00,15:50:00,5,0,6
1063,0064,15:50:00,16:00:00,4,2,8
1064,0064,16:00:00,16:10:00,3,3,1
1065,0064,16:10:00,16:20:00,6,0,7
1066,0064,16:20:00,16:30:00,0,2,5
1067,0065,11:00:00,11:10:00,45,0,32
1068,0065,11:10:00,11:20:00,5,10,27
1069,0065,11:20:00,11:30:00,2,6,23
1070,0065,11:30:00,11:40:00,2,3,3
1071,0065,11:40:00,11:50:00,1,1,3
1072,0065,11:50:00,12:00:00,3,2,4
1073,0065,12:00:00,12:10:00,0,4,0
1074,0065,12:10:00,12:20:00,0,0,0
1075,0065,12:20:00,12:30:00,1,0,1
1076,0065,12:30:00,12:40:00,4,1,0
1077,0065,12:40:00,12:50:00,0,0,0
1078,0065,12:50:00,13:00:00,5,0,5
1079,0065,13:00:00,13:10:00,4,4,1
1080,0065,13:10:00,13:20:00,1,2,0
1081,0065,13:20:00,13:30:00,4,1,3
1082,0065,13:30:00,13:40:00,6,0,9
1083,0065,13:40:00,13:50:00,0,1,8
1084,0065,13:50:00,14:00:00,0,3,5
1085,0066,11:00:00,11:10:00,2,0,0
1086,0066,11:10:00,11:20:00,9,0,9
1087,0066,11:20:00,11:30:00,0,3,6
1088,0066,11:30:00,11:40:00,2,6,0
1089,0066,11:40:00,11:50:00,2,0,2
1090,0066,11:50:00,12:00:00,0,0,2
1091,0066,12:00:00,12:10:00,2,2,0
1092,0066,12:10:00,12:20:00,1,0,1
1093,0066,12:20:00,12:30:00,0,1,0
1094,0066,12:30:00,12:40:00,0,0,0
1095,0066,12:40:00,12:50:00,0,0,0
1096,0066,12:50:00,13:00:00,2,0,2
1097,0066,13:00:00,13:10:00,7,2,1
1098,0066,13:10:00,13:20:00,0,1,0
1099,0066,13:20:00,13:30:00,0,0,0
1100,0066,13:30:00,13:40:00,4,0,0
1101,0066,13:40:00,13:50:00,1,1,0
1102,0066,13:50:00,14:00:00,1,0,1
1103,0067,08:00:00,08:10:00,0,0,0
1104,0067,08:10:00,08:20:00,4,0,4
1105,0067,08:20:00,08:30:00,1,3,0
1106,0067,08:30:00,08:40:00,3,0,3
1107,0067,08:40:00,08:50:00,1,4,0
1108,0067,08:50:00,09:00:00,8,0,8
1109,0067,09:00:00,09:10:00,6,2,3
1110,0067,09:10:00,09:20:00,10,3,10
1111,0067,09:20:00,09:30:00,2,4,3
1112,0067,09:30:00,09:40:00,3,3,3
1113,0067,09:40:00,09:50:00,4,2,3
1114,0067,09:50:00,10:00:00,6,3,6
1115,0067,10:00:00,10:10:00,7,4,2
1116,0067,10:10:00,10:20:00,1,1,2
1117,0067,10:20:00,10:30:00,5,5,2
1118,0067,10:30:00,10:40:00,7,1,1
1119,0067,10:40:00,10:50:00,3,1,3
1120,0067,10:50:00,11:00:00,8,1,10
1121,0068,11:00:00,11:10:00,57,0,1
1122,0068,11:10:00,11:20:00,29,0,30
1123,0068,11:20:00,11:30:00,20,2,48
1124,0068,11:30:00,11:40:00,24,0,1
1125,0068,11:40:00,11:50:00,27,0,28
1126,0068,11:50:00,12:00:00,26,0,54
1127,0068,12:00:00,12:10:00,18,0,2
1128,0068,12:10:00,12:20:00,12,1,13
1129,0068,12:20:00,12:30:00,16,0,29
1130,0068,12:30:00,12:40:00,17,0,2
1131,0068,12:40:00,12:50:00,22,1,23
1132,0068,12:50:00,13:00:00,29,0,52
1133,0068,13:00:00,13:10:00,28,1,3
1134,0068,13:10:00,13:20:00,15,0,18
1135,0068,13:20:00,13:30:00,19,2,35
1136,0068,13:30:00,13:40:00,19,0,1
1137,0068,13:40:00,13:50:00,27,1,27
1138,0068,13:50:00,14:00:00,32,0,59
1139,0069,11:00:00,11:10:00,0,0,0
1140,0069,11:10:00,11:20:00,2,1,1
1141,0069,11:20:00,11:30:00,7,2,6
1142,0069,11:30:00,11:40:00,9,4,2
1143,0069,11:40:00,11:50:00,5,4,3
1144,0069,11:50:00,12:00:00,2,4,1
1145,0069,12:00:00,12:10:00,0,1,0
1146,0069,12:10:00,12:20:00,0,0,0
1147,0069,12:20:00,12:30:00,0,0,0
1148,0069,12:30:00,12:40:00,1,0,0
1149,0069,12:40:00,12:50:00,2,0,2
1150,0069,12:50:00,13:00:00,4,2,4
1151,0069,13:00:00,13:10:00,1,3,0
1152,0069,13:10:00,13:20:00,1,0,1
1153,0069,13:20:00,13:30:00,2,3,0
1154,0069,13:30:00,13:40:00,3,0,0
1155,0069,13:40:00,13:50:00,1,1,0
1156,0069,13:50:00,14:00:00,3,0,3
1157,0070,14:00:00,14:10:00,6,0,1
1158,0070,14:10:00,14:20:00,2,1,2
1159,0070,14:20:00,14:30:00,0,2,0
1160,0070,14:30:00,14:40:00,4,0,0
1161,0070,14:40:00,14:50:00,4,0,4
1162,0070,14:50:00,15:00:00,4,2,6
1163,0070,15:00:00,15:10:00,8,4,2
1164,0070,15:10:00,15:20:00,5,0,7
1165,0070,15:20:00,15:30:00,7,4,10
1166,0070,15:30:00,15:40:00,7,3,8
1167,0070,15:40:00,15:50:00,2,0,10
1168,0070,15:50:00,16:00:00,0,3,7
1169,0070,16:00:00,16:10:00,7,0,6
1170,0070,16:10:00,16:20:00,0,2,4
1171,0070,16:20:00,16:30:00,0,1,3
1172,0071,08:00:00,08:10:00,0,0,0
1173,0071,08:10:00,08:20:00,1,0,1
1174,0071,08:20:00,08:30:00,0,0,1
1175,0071,08:30:00,08:40:00,0,0,1
1176,0071,08:40:00,08:50:00,0,0,1
1177,0071,08:50:00,09:00:00,2,0,3
1178,0071,09:00:00,09:10:00,4,3,4
1179,0071,09:10:00,09:20:00,0,1,3
1180,0071,09:20:00,09:30:00,0,2,1
1181,0071,09:30:00,09:40:00,6,4,3
1182,0071,09:40:00,09:50:00,0,0,3
1183,0071,09:50:00,10:00:00,1,0,4
1184,0071,10:00:00,10:10:00,0,0,4
1185,0071,10:10:00,10:20:00,0,0,4
1186,0071,10:20:00,10:30:00,0,0,4
1187,0071,10:30:00,10:40:00,1,0,5
1188,0071,10:40:00,10:50:00,3,0,8
1189,0071,10:50:00,11:00:00,3,0,11
1190,0072,11:00:00,11:10:00,11,1,1
1191,0072,11:10:00,11:20:00,0,0,1
1192,0072,11:20:00,11:30:00,10,2,9
1193,0072,11:30:00,11:40:00,3,4,1
1194,0072,11:40:00,11:50:00,4,1,4
1195,0072,11:50:00,12:00:00,6,3,7
1196,0072,12:00:00,12:10:00,0,6,0
1197,0072,12:10:00,12:20:00,1,0,1
1198,0072,12:20:00,12:30:00,4,1,4
1199,0072,12:30:00,12:40:00,0,3,0
1200,0072,12:40:00,12:50:00,0,0,0
1201,0072,12:50:00,13:00:00,7,0,7
1202,0072,13:00:00,13:10:00,4,3,1
1203,0072,13:10:00,13:20:00,0,1,0
1204,0072,13:20:00,13:30:00,0,0,0
1205,0072,13:30:00,13:40:00,3,2,0
1206,0072,13:40:00,13:50:00,3,0,3
1207,0072,13:50:00,14:00:00,4,0,7
1208,0073,11:00:00,11:10:00,3,1,0
1209,0073,11:10:00,11:20:00,0,0,0
1210,0073,11:20:00,11:30:00,0,0,0
1211,0073,11:30:00,11:40:00,6,0,1
1212,0073,11:40:00,11:50:00,2,1,2
1213,0073,11:50:00,12:00:00,6,5,3
1214,0073,12:00:00,12:10:00,0,0,0
1215,0073,12:10:00,12:20:00,0,0,0
1216,0073,12:20:00,12:30:00,5,1,4
1217,0073,12:30:00,12:40:00,0,2,0
1218,0073,12:40:00,12:50:00,9,0,9
1219,0073,12:50:00,13:00:00,7,2,14
1220,0073,13:00:00,13:10:00,6,4,13
1221,0073,13:10:00,13:20:00,2,1,14
1222,0073,13:20:00,13:30:00,1,7,8
1223,0073,13:30:00,13:40:00,5,3,1
1224,0073,13:40:00,13:50:00,1,1,1
1225,0073,13:50:00,14:00:00,0,0,1
1226,0074,14:00:00,14:10:00,3,0,0
1227,0074,14:10:00,14:20:00,0,0,0
1228,0074,14:20:00,14:30:00,2,0,2
1229,0074,14:30:00,14:40:00,1,0,0
1230,0074,14:40:00,14:50:00,9,0,9
1231,0074,14:50:00,15:00:00,13,1,21
1232,0074,15:00:00,15:10:00,9,4,4
1233,0074,15:10:00,15:20:00,4,2,6
1234,0074,15:20:00,15:30:00,0,0,6
1235,0074,15:30:00,15:40:00,4,0,1
1236,0074,15:40:00,15:50:00,6,3,4
1237,0074,15:50:00,16:00:00,0,0,4
1238,0074,16:00:00,16:10:00,5,0,1
1239,0074,16:10:00,16:20:00,9,1,9
1240,0074,16:20:00,16:30:00,4,3,10
1241,0075,14:00:00,14:10:00,4,0,0
1242,0075,14:10:00,14:20:00,5,0,5
1243,0075,14:20:00,14:30:00,5,0,10
1244,0075,14:30:00,14:40:00,0,4,1
1245,0075,14:40:00,14:50:00,1,2,0
1246,0075,14:50:00,15:00:00,9,1,8
1247,0075,15:00:00,15:10:00,0,2,1
1248,0075,15:10:00,15:20:00,5,2,4
1249,0075,15:20:00,15:30:00,3,3,4
1250,0075,15:30:00,15:40:00,2,0,0
1251,0075,15:40:00,15:50:00,8,0,8
1252,0075,15:50:00,16:00:00,2,2,8
1253,0075,16:00:00,16:10:00,1,2,1
1254,0075,16:10:00,16:20:00,4,1,4
1255,0075,16:20:00,16:30:00,0,0,4
1256,0076,11:00:00,11:10:00,10,0,1
1257,0076,11:10:00,11:20:00,2,0,3
1258,0076,11:20:00,11:30:00,3,0,6
1259,0076,11:30:00,11:40:00,3,0,1
1260,0076,11:40:00,11:50:00,0,0,1
1261,0076,11:50:00,12:00:00,4,1,4
1262,0076,12:00:00,12:10:00,1,0,0
1263,0076,12:10:00,12:20:00,3,1,2
1264,0076,12:20:00,12:30:00,3,0,5
1265,0076,12:30:00,12:40:00,1,0,1
1266,0076,12:40:00,12:50:00,0,0,1
1267,0076,12:50:00,13:00:00,6,0,7
1268,0076,13:00:00,13:10:00,2,0,1
1269,0076,13:10:00,13:20:00,0,1,0
1270,0076,13:20:00,13:30:00,0,0,0
1271,0076,13:30:00,13:40:00,0,0,0
1272,0076,13:40:00,13:50:00,0,0,0
1273,0076,13:50:00,14:00:00,2,1,1
1274,0077,11:00:00,11:10:00,0,0,0
1275,0077,11:10:00,11:20:00,3,2,1
1276,0077,11:20:00,11:30:00,1,1,1
1277,0077,11:30:00,11:40:00,0,1,0
1278,0077,11:40:00,11:50:00,4,0,4
1279,0077,11:50:00,12:00:00,3,2,5
1280,0077,12:00:00,12:10:00,3,2,6
1281,0077,12:10:00,12:20:00,1,0,7
1282,0077,12:20:00,12:30:00,0,0,7
1283,0077,12:30:00,12:40:00,3,3,7
1284,0077,12:40:00,12:50:00,2,0,9
1285,0077,12:50:00,13:00:00,1,6,4
1286,0077,13:00:00,13:10:00,1,2,3
1287,0077,13:10:00,13:20:00,0,2,1
1288,0077,13:20:00,13:30:00,1,1,1
1289,0077,13:30:00,13:40:00,5,2,4
1290,0077,13:40:00,13:50:00,2,4,2
1291,0077,13:50:00,14:00:00,0,2,0
1292,0078,11:00:00,11:10:00,3,0,0
1293,0078,11:10:00,11:20:00,0,0,0
1294,0078,11:20:00,11:30:00,6,0,6
1295,0078,11:30:00,11:40:00,6,1,1
1296,0078,11:40:00,11:50:00,7,0,8
1297,0078,11:50:00,12:00:00,5,1,12
1298,0078,12:00:00,12:10:00,2,2,2
1299,0078,12:10:00,12:20:00,6,2,6
1300,0078,12:20:00,12:30:00,4,3,7
1301,0078,12:30:00,12:40:00,3,1,1
1302,0078,12:40:00,12:50:00,0,0,1
1303,0078,12:50:00,13:00:00,5,2,4
1304,0078,13:00:00,13:10:00,5,0,1
1305,0078,13:10:00,13:20:00,7,1,7
1306,0078,13:20:00,13:30:00,0,1,6
1307,0078,13:30:00,13:40:00,1,0,1
1308,0078,13:40:00,13:50:00,2,1,2
1309,0078,13:50:00,14:00:00,3,2,3
1310,0079,08:00:00,08:10:00,4,0,0
1311,0079,08:10:00,08:20:00,5,0,5
1312,0079,08:20:00,08:30:00,1,3,3
1313,0079,08:30:00,08:40:00,3,1,5
1314,0079,08:40:00,08:50:00,4,0,1
1315,0079,08:50:00,09:00:00,5,0,6
1316,0079,09:00:00,09:10:00,8,2,3
1317,0079,09:10:00,09:20:00,7,2,8
1318,0079,09:20:00,09:30:00,1,4,0
1319,0079,09:30:00,09:40:00,5,0,5
1320,0079,09:40:00,09:50:00,8,0,13
1321,0079,09:50:00,10:00:00,3,3,13
1322,0079,10:00:00,10:10:00,0,5,5
1323,0079,10:10:00,10:20:00,0,3,2
1324,0079,10:20:00,10:30:00,1,0,3
1325,0079,10:30:00,10:40:00,3,2,0
1326,0079,10:40:00,10:50:00,2,0,2
1327,0079,10:50:00,11:00:00,16,0,18
1328,0080,14:00:00,14:10:00,0,0,0
1329,0080,14:10:00,14:20:00,6,0,6
1330,0080,14:20:00,14:30:00,1,2,5
1331,0080,14:30:00,14:40:00,6,2,2
1332,0080,14:40:00,14:50:00,3,0,5
1333,0080,14:50:00,15:00:00,0,0,5
1334,0080,15:00:00,15:10:00,0,0,0
1335,0080,15:10:00,15:20:00,4,1,3
1336,0080,15:20:00,15:30:00,5,1,7
1337,0080,15:30:00,15:40:00,7,3,1
1338,0080,15:40:00,15:50:00,6,0,7
1339,0080,15:50:00,16:00:00,0,2,5
1340,0080,16:00:00,16:10:00,3,1,1
1341,0080,16:10:00,16:20:00,0,1,0
1342,0080,16:20:00,16:30:00,4,1,3
1343,0081,14:00:00,14:10:00,2,0,0
1344,0081,14:10:00,14:20:00,1,0,1
1345,0081,14:20:00,14:30:00,3,3,1
1346,0081,14:30:00,14:40:00,0,0,0
1347,0081,14:40:00,14:50:00,1,0,1
1348,0081,14:50:00,15:00:00,9,1,9
1349,0081,15:00:00,15:10:00,2,3,1
1350,0081,15:10:00,15:20:00,0,0,1
1351,0081,15:20:00,15:30:00,0,1,0
1352,0081,15:30:00,15:40:00,6,1,1
1353,0081,15:40:00,15:50:00,3,0,4
1354,0081,15:50:00,16:00:00,3,2,5
1355,0081,16:00:00,16:10:00,3,1,1
1356,0081,16:10:00,16:20:00,3,0,4
1357,0081,16:20:00,16:30:00,0,4,0
1358,0082,08:00:00,08:10:00,1,1,0
1359,0082,08:10:00,08:20:00,1,0,1
1360,0082,08:20:00,08:30:00,4,1,0
1361,0082,08:30:00,08:40:00,0,0,0
1362,0082,08:40:00,08:50:00,4,0,0
1363,0082,08:50:00,09:00:00,0,0,0
1364,0082,09:00:00,09:10:00,2,0,0
1365,0082,09:10:00,09:20:00,3,0,3
1366,0082,09:20:00,09:30:00,4,3,0
1367,0082,09:30:00,09:40:00,0,0,0
1368,0082,09:40:00,09:50:00,1,0,0
1369,0082,09:50:00,10:00:00,0,0,0
1370,0082,10:00:00,10:10:00,0,0,0
1371,0082,10:10:00,10:20:00,2,0,2
1372,0082,10:20:00,10:30:00,3,1,4
1373,0082,10:30:00,10:40:00,6,0,1
1374,0082,10:40:00,10:50:00,5,3,3
1375,0082,10:50:00,11:00:00,4,1,6
1376,0083,11:00:00,11:10:00,3,0,0
1377,0083,11:10:00,11:20:00,0,0,0
1378,0083,11:20:00,11:30:00,3,0,3
1379,0083,11:30:00,11:40:00,0,1,0
1380,0083,11:40:00,11:50:00,2,1,1
1381,0083,11:50:00,12:00:00,1,0,2
1382,0083,12:00:00,12:10:00,2,1,0
1383,0083,12:10:00,12:20:00,0,0,0
1384,0083,12:20:00,12:30:00,2,1,1
1385,0083,12:30:00,12:40:00,0,1,0
1386,0083,12:40:00,12:50:00,1,1,0
1387,0083,12:50:00,13:00:00,5,0,5
1388,0083,13:00:00,13:10:00,0,1,2
1389,0083,13:10:00,13:20:00,0,1,1
1390,0083,13:20:00,13:30:00,0,1,0
1391,0083,13:30:00,13:40:00,2,2,0
1392,0083,13:40:00,13:50:00,0,0,0
1393,0083,13:50:00,14:00:00,2,0,2
1394,0084,08:00:00,08:10:00,8,0,1
1395,0084,08:10:00,08:20:00,2,0,3
1396,0084,08:20:00,08:30:00,4,3,0
1397,0084,08:30:00,08:40:00,4,0,4
1398,0084,08:40:00,08:50:00,5,5,1
1399,0084,08:50:00,09:00:00,6,1,6
1400,0084,09:00:00,09:10:00,5,5,1
1401,0084,09:10:00,09:20:00,8,2,7
1402,0084,09:20:00,09:30:00,3,4,1
1403,0084,09:30:00,09:40:00,0,0,1
1404,0084,09:40:00,09:50:00,0,0,0
1405,0084,09:50:00,10:00:00,4,0,4
1406,0084,10:00:00,10:10:00,4,3,1
1407,0084,10:10:00,10:20:00,6,0,7
1408,0084,10:20:00,10:30:00,0,3,4
1409,0084,10:30:00,10:40:00,5,6,0
1410,0084,10:40:00,10:50:00,3,0,3
1411,0084,10:50:00,11:00:00,5,4,4
1412,0085,11:00:00,11:10:00,8,0,1
1413,0085,11:10:00,11:20:00,7,0,8
1414,0085,11:20:00,11:30:00,7,5,10
1415,0085,11:30:00,11:40:00,1,5,0
1416,0085,11:40:00,11:50:00,0,0,0
1417,0085,11:50:00,12:00:00,3,0,3
1418,0085,12:00:00,12:10:00,8,3,1
1419,0085,12:10:00,12:20:00,0,0,1
1420,0085,12:20:00,12:30:00,0,1,0
1421,0085,12:30:00,12:40:00,2,0,0
1422,0085,12:40:00,12:50:00,4,1,3
1423,0085,12:50:00,13:00:00,1,4,0
1424,0085,13:00:00,13:10:00,3,2,0
1425,0085,13:10:00,13:20:00,2,0,2
1426,0085,13:20:00,13:30:00,7,3,6
1427,0085,13:30:00,13:40:00,0,5,0
1428,0085,13:40:00,13:50:00,2,0,2
1429,0085,13:50:00,14:00:00,0,0,2
1430,0086,14:00:00,14:10:00,3,0,0
1431,0086,14:10:00,14:20:00,0,0,0
1432,0086,14:20:00,14:30:00,0,0,0
1433,0086,14:30:00,14:40:00,1,1,0
1434,0086,14:40:00,14:50:00,4,0,4
1435,0086,14:50:00,15:00:00,3,3,4
1436,0086,15:00:00,15:10:00,1,5,0
1437,0086,15:10:00,15:20:00,0,0,0
1438,0086,15:20:00,15:30:00,8,0,8
1439,0086,15:30:00,15:40:00,3,8,0
1440,0086,15:40:00,15:50:00,1,1,0
1441,0086,15:50:00,16:00:00,5,0,5
1442,0086,16:00:00,16:10:00,0,5,0
1443,0086,16:10:00,16:20:00,5,0,5
1444,0086,16:20:00,16:30:00,4,4,5
1445,0087,11:00:00,11:10:00,2,0,0
1446,0087,11:10:00,11:20:00,4,1,3
1447,0087,11:20:00,11:30:00,5,2,6
1448,0087,11:30:00,11:40:00,4,1,1
1449,0087,11:40:00,11:50:00,4,0,5
1450,0087,11:50:00,12:00:00,3,2,6
1451,0087,12:00:00,12:10:00,0,2,0
1452,0087,12:10:00,12:20:00,1,1,0
1453,0087,12:20:00,12:30:00,1,0,1
1454,0087,12:30:00,12:40:00,2,1,0
1455,0087,12:40:00,12:50:00,2,0,2
1456,0087,12:50:00,13:00:00,9,2,9
1457,0087,13:00:00,13:10:00,2,1,1
1458,0087,13:10:00,13:20:00,4,1,4
1459,0087,13:20:00,13:30:00,1,1,4
1460,0087,13:30:00,13:40:00,0,4,0
1461,0087,13:40:00,13:50:00,7,0,7
1462,0087,13:50:00,14:00:00,0,0,7
1463,0088,14:00:00,14:10:00,0,0,0
1464,0088,14:10:00,14:20:00,0,0,0
1465,0088,14:20:00,14:30:00,1,0,1
1466,0088,14:30:00,14:40:00,0,1,0
1467,0088,14:40:00,14:50:00,2,0,2
1468,0088,14:50:00,15:00:00,4,0,6
1469,0088,15:00:00,15:10:00,3,0,9
1470,0088,15:10:00,15:20:00,0,0,9
1471,0088,15:20:00,15:30:00,4,2,11
1472,0088,15:30:00,15:40:00,0,0,11
1473,0088,15:40:00,15:50:00,1,3,9
1474,0088,15:50:00,16:00:00,4,0,13
1475,0088,16:00:00,16:10:00,2,0,15
1476,0088,16:10:00,16:20:00,10,3,22
1477,0088,16:20:00,16:30:00,0,0,22
1478,0089,14:00:00,14:10:00,7,0,1
1479,0089,14:10:00,14:20:00,0,0,1
1480,0089,14:20:00,14:30:00,3,0,4
1481,0089,14:30:00,14:40:00,0,0,0
1482,0089,14:40:00,14:50:00,0,0,0
1483,0089,14:50:00,15:00:00,6,1,5
1484,0089,15:00:00,15:10:00,0,0,1
1485,0089,15:10:00,15:20:00,3,1,3
1486,0089,15:20:00,15:30:00,6,0,9
1487,0089,15:30:00,15:40:00,2,2,1
1488,0089,15:40:00,15:50:00,6,2,5
1489,0089,15:50:00,16:00:00,1,0,6
1490,0089,16:00:00,16:10:00,0,2,0
1491,0089,16:10:00,16:20:00,0,0,0
1492,0089,16:20:00,16:30:00,0,0,0
1493,0090,08:00:00,08:10:00,4,0,0
1494,0090,08:10:00,08:20:00,1,0,1
1495,0090,08:20:00,08:30:00,3,3,0
1496,0090,08:30:00,08:40:00,1,0,1
1497,0090,08:40:00,08:50:00,1,0,0
1498,0090,08:50:00,09:00:00,6,0,6
1499,0090,09:00:00,09:10:00,3,0,1
1500,0090,09:10:00,09:20:00,6,3,4
1501,0090,09:20:00,09:30:00,1,1,0
1502,0090,09:30:00,09:40:00,6,1,5
1503,0090,09:40:00,09:50:00,3,3,1
1504,0090,09:50:00,10:00:00,2,1,2
1505,0090,10:00:00,10:10:00,6,0,3
1506,0090,10:10:00,10:20:00,5,3,5
1507,0090,10:20:00,10:30:00,9,2,12
1508,0090,10:30:00,10:40:00,6,5,7
1509,0090,10:40:00,10:50:00,5,3,9
1510,0090,10:50:00,11:00:00,5,4,10
1511,0091,11:00:00,11:10:00,4,0,0
1512,0091,11:10:00,11:20:00,4,0,4
1513,0091,11:20:00,11:30:00,6,0,10
1514,0091,11:30:00,11:40:00,1,2,1
1515,0091,11:40:00,11:50:00,5,3,3
1516,0091,11:50:00,12:00:00,5,0,8
1517,0091,12:00:00,12:10:00,4,3,1
1518,0091,12:10:00,12:20:00,1,1,1
1519,0091,12:20:00,12:30:00,2,1,2
1520,0091,12:30:00,12:40:00,0,0,2
1521,0091,12:40:00,12:50:00,5,0,7
1522,0091,12:50:00,13:00:00,2,2,7
1523,0091,13:00:00,13:10:00,4,3,1
1524,0091,13:10:00,13:20:00,3,1,3
1525,0091,13:20:00,13:30:00,6,0,9
1526,0091,13:30:00,13:40:00,0,0,1
1527,0091,13:40:00,13:50:00,6,1,6
1528,0091,13:50:00,14:00:00,3,0,9
1529,0092,11:00:00,11:10:00,0,0,0
1530,0092,11:10:00,11:20:00,7,1,6
1531,0092,11:20:00,11:30:00,8,0,14
1532,0092,11:30:00,11:40:00,10,0,11
1533,0092,11:40:00,11:50:00,4,7,8
1534,0092,11:50:00,12:00:00,4,4,8
1535,0092,12:00:00,12:10:00,2,0,7
1536,0092,12:10:00,12:20:00,3,0,10
1537,0092,12:20:00,12:30:00,0,3,7
1538,0092,12:30:00,12:40:00,1,0,5
1539,0092,12:40:00,12:50:00,6,0,11
1540,0092,12:50:00,13:00:00,7,0,18
1541,0092,13:00:00,13:10:00,7,6,11
1542,0092,13:10:00,13:20:00,3,4,10
1543,0092,13:20:00,13:30:00,0,4,6
1544,0092,13:30:00,13:40:00,11,1,15
1545,0092,13:40:00,13:50:00,0,4,11
1546,0092,13:50:00,14:00:00,0,4,7
1547,0093,11:00:00,11:10:00,7,0,0
1548,0093,11:10:00,11:20:00,2,0,2
1549,0093,11:20:00,11:30:00,3,0,5
1550,0093,11:30:00,11:40:00,7,0,1
1551,0093,11:40:00,11:50:00,3,2,2
1552,0093,11:50:00,12:00:00,8,0,10
1553,0093,12:00:00,12:10:00,1,1,1
1554,0093,12:10:00,12:20:00,6,0,7
1555,0093,12:20:00,12:30:00,7,0,14
1556,0093,12:30:00,12:40:00,0,0,2
1557,0093,12:40:00,12:50:00,6,0,8
1558,0093,12:50:00,13:00:00,1,4,5
1559,0093,13:00:00,13:10:00,7,2,1
1560,0093,13:10:00,13:20:00,1,0,2
1561,0093,13:20:00,13:30:00,3,0,5
1562,0093,13:30:00,13:40:00,0,0,0
1563,0093,13:40:00,13:50:00,6,0,6
1564,0093,13:50:00,14:00:00,10,0,16
1565,0094,11:00:00,11:10:00,6,2,0
1566,0094,11:10:00,11:20:00,3,1,2
1567,0094,11:20:00,11:30:00,8,2,8
1568,0094,11:30:00,11:40:00,1,2,1
1569,0094,11:40:00,11:50:00,3,0,4
1570,0094,11:50:00,12:00:00,2,1,5
1571,0094,12:00:00,12:10:00,4,0,1
1572,0094,12:10:00,12:20:00,0,1,0
1573,0094,12:20:00,12:30:00,8,0,8
1574,0094,12:30:00,12:40:00,3,3,1
1575,0094,12:40:00,12:50:00,0,0,1
1576,0094,12:50:00,13:00:00,0,0,1
1577,0094,13:00:00,13:10:00,4,1,0
1578,0094,13:10:00,13:20:00,3,0,3
1579,0094,13:20:00,13:30:00,2,0,5
1580,0094,13:30:00,13:40:00,6,0,1
1581,0094,13:40:00,13:50:00,6,1,6
1582,0094,13:50:00,14:00:00,1,0,7
1583,0095,11:00:00,11:10:00,2,1,0
1584,0095,11:10:00,11:20:00,2,0,2
1585,0095,11:20:00,11:30:00,8,0,10
1586,0095,11:30:00,11:40:00,4,4,1
1587,0095,11:40:00,11:50:00,1,2,0
1588,0095,11:50:00,12:00:00,0,0,0
1589,0095,12:00:00,12:10:00,0,0,0
1590,0095,12:10:00,12:20:00,0,0,0
1591,0095,12:20:00,12:30:00,5,0,5
1592,0095,12:30:00,12:40:00,10,1,2
1593,0095,12:40:00,12:50:00,1,3,0
1594,0095,12:50:00,13:00:00,8,0,8
1595,0095,13:00:00,13:10:00,3,3,1
1596,0095,13:10:00,13:20:00,4,4,1
1597,0095,13:20:00,13:30:00,3,3,1
1598,0095,13:30:00,13:40:00,4,1,0
1599,0095,13:40:00,13:50:00,3,1,2
1600,0095,13:50:00,14:00:00,0,2,0
1601,0096,11:00:00,11:10:00,5,0,5
1602,0096,11:10:00,11:20:00,0,2,3
1603,0096,11:20:00,11:30:00,0,2,1
1604,0096,11:30:00,11:40:00,1,1,1
1605,0096,11:40:00,11:50:00,3,1,3
1606,0096,11:50:00,12:00:00,0,1,2
1607,0096,12:00:00,12:10:00,3,0,5
1608,0096,12:10:00,12:20:00,0,2,3
1609,0096,12:20:00,12:30:00,6,2,7
1610,0096,12:30:00,12:40:00,6,2,11
1611,0096,12:40:00,12:50:00,0,1,10
1612,0096,12:50:00,13:00:00,3,2,11
1613,0096,13:00:00,13:10:00,3,2,12
1614,0096,13:10:00,13:20:00,1,2,11
1615,0096,13:20:00,13:30:00,0,2,9
1616,0096,13:30:00,13:40:00,0,2,7
1617,0096,13:40:00,13:50:00,0,0,7
1618,0096,13:50:00,14:00:00,0,1,6
1619,0097,08:00:00,08:10:00,1,0,0
1620,0097,08:10:00,08:20:00,0,0,0
1621,0097,08:20:00,08:30:00,6,1,0
1622,0097,08:30:00,08:40:00,3,2,1
1623,0097,08:40:00,08:50:00,8,0,4
1624,0097,08:50:00,09:00:00,4,0,8
1625,0097,09:00:00,09:10:00,4,1,6
1626,0097,09:10:00,09:20:00,8,4,10
1627,0097,09:20:00,09:30:00,0,3,0
1628,0097,09:30:00,09:40:00,11,0,11
1629,0097,09:40:00,09:50:00,4,2,2
1630,0097,09:50:00,10:00:00,0,0,2
1631,0097,10:00:00,10:10:00,5,1,0
1632,0097,10:10:00,10:20:00,0,0,0
1633,0097,10:20:00,10:30:00,8,0,8
1634,0097,10:30:00,10:40:00,10,2,7
1635,0097,10:40:00,10:50:00,6,2,11
1636,0097,10:50:00,11:00:00,16,4,23
1637,0098,11:00:00,11:10:00,6,0,0
1638,0098,11:10:00,11:20:00,3,0,3
1639,0098,11:20:00,11:30:00,0,0,3
1640,0098,11:30:00,11:40:00,0,1,0
1641,0098,11:40:00,11:50:00,2,0,2
1642,0098,11:50:00,12:00:00,0,0,2
1643,0098,12:00:00,12:10:00,4,0,0
1644,0098,12:10:00,12:20:00,0,0,0
1645,0098,12:20:00,12:30:00,0,0,0
1646,0098,12:30:00,12:40:00,1,1,0
1647,0098,12:40:00,12:50:00,4,0,4
1648,0098,12:50:00,13:00:00,3,0,7
1649,0098,13:00:00,13:10:00,5,2,5
1650,0098,13:10:00,13:20:00,0,1,4
1651,0098,13:20:00,13:30:00,0,2,2
1652,0098,13:30:00,13:40:00,0,0,0
1653,0098,13:40:00,13:50:00,3,0,3
1654,0098,13:50:00,14:00:00,10,1,12
1655,0099,11:00:00,11:10:00,44,0,28
1656,0099,11:10:00,11:20:00,0,6,22
1657,0099,11:20:00,11:30:00,5,10,17
1658,0099,11:30:00,11:40:00,0,2,14
1659,0099,11:40:00,11:50:00,4,3,15
1660,0099,11:50:00,12:00:00,6,10,11
1661,0099,12:00:00,12:10:00,1,3,4
1662,0099,12:10:00,12:20:00,3,4,3
1663,0099,12:20:00,12:30:00,13,4,12
1664,0099,12:30:00,12:40:00,1,2,1
1665,0099,12:40:00,12:50:00,3,3,1
1666,0099,12:50:00,13:00:00,4,2,3
1667,0099,13:00:00,13:10:00,3,3,0
1668,0099,13:10:00,13:20:00,0,0,0
1669,0099,13:20:00,13:30:00,0,0,0
1670,0099,13:30:00,13:40:00,2,0,0
1671,0099,13:40:00,13:50:00,3,0,3
1672,0099,13:50:00,14:00:00,4,1,6
1673,0100,08:00:00,08:10:00,8,0,0
1674,0100,08:10:00,08:20:00,20,2,18
1675,0100,08:20:00,08:30:00,29,2,1
1676,0100,08:30:00,08:40:00,9,0,10
1677,0100,08:40:00,08:50:00,92,0,5
1678,0100,08:50:00,09:00:00,69,0,74
1679,0100,09:00:00,09:10:00,57,1,52
1680,0100,09:10:00,09:20:00,31,0,83
1681,0100,09:20:00,09:30:00,26,0,7
1682,0100,09:30:00,09:40:00,29,3,33
1683,0100,09:40:00,09:50:00,25,0,1
1684,0100,09:50:00,10:00:00,29,0,30
1685,0100,10:00:00,10:10:00,29,0,1
1686,0100,10:10:00,10:20:00,28,0,29
1687,0100,10:20:00,10:30:00,25,0,54
1688,0100,10:30:00,10:40:00,26,0,0
1689,0100,10:40:00,10:50:00,44,0,44
1690,0100,10:50:00,11:00:00,62,0,106
1691,0101,14:00:00,14:10:00,2,0,0
1692,0101,14:10:00,14:20:00,5,0,5
1693,0101,14:20:00,14:30:00,3,0,8
1694,0101,14:30:00,14:40:00,3,3,1
1695,0101,14:40:00,14:50:00,0,1,0
1696,0101,14:50:00,15:00:00,0,0,0
1697,0101,15:00:00,15:10:00,9,1,1
1698,0101,15:10:00,15:20:00,4,2,3
1699,0101,15:20:00,15:30:00,6,1,8
1700,0101,15:30:00,15:40:00,6,2,2
1701,0101,15:40:00,15:50:00,8,0,10
1702,0101,15:50:00,16:00:00,3,2,11
1703,0101,16:00:00,16:10:00,1,1,1
1704,0101,16:10:00,16:20:00,5,2,4
1705,0101,16:20:00,16:30:00,0,0,4
1706,0102,11:00:00,11:10:00,10,3,1
1707,0102,11:10:00,11:20:00,6,0,7
1708,0102,11:20:00,11:30:00,7,0,14
1709,0102,11:30:00,11:40:00,6,0,7
1710,0102,11:40:00,11:50:00,6,2,11
1711,0102,11:50:00,12:00:00,7,0,18
1712,0102,12:00:00,12:10:00,0,6,7
1713,0102,12:10:00,12:20:00,0,1,6
1714,0102,12:20:00,12:30:00,0,4,2
1715,0102,12:30:00,12:40:00,5,0,1
1716,0102,12:40:00,12:50:00,2,1,2
1717,0102,12:50:00,13:00:00,4,2,4
1718,0102,13:00:00,13:10:00,4,1,1
1719,0102,13:10:00,13:20:00,3,0,4
1720,0102,13:20:00,13:30:00,2,1,5
1721,0102,13:30:00,13:40:00,6,6,0
1722,0102,13:40:00,13:50:00,0,0,0
1723,0102,13:50:00,14:00:00,8,0,8
1724,0103,08:00:00,08:10:00,3,0,0
1725,0103,08:10:00,08:20:00,0,0,0
1726,0103,08:20:00,08:30:00,3,0,0
1727,0103,08:30:00,08:40:00,2,0,2
1728,0103,08:40:00,08:50:00,1,2,0
1729,0103,08:50:00,09:00:00,12,0,12
1730,0103,09:00:00,09:10:00,3,4,1
1731,0103,09:10:00,09:20:00,11,1,11
1732,0103,09:20:00,09:30:00,4,4,1
1733,0103,09:30:00,09:40:00,7,2,6
1734,0103,09:40:00,09:50:00,4,0,1
1735,0103,09:50:00,10:00:00,1,2,0
1736,0103,10:00:00,10:10:00,3,0,0
1737,0103,10:10:00,10:20:00,10,0,10
1738,0103,10:20:00,10:30:00,5,4,11
1739,0103,10:30:00,10:40:00,4,6,1
1740,0103,10:40:00,10:50:00,3,1,3
1741,0103,10:50:00,11:00:00,10,3,10
1742,0104,14:00:00,14:10:00,0,0,0
1743,0104,14:10:00,14:20:00,0,0,0
1744,0104,14:20:00,14:30:00,0,0,0
1745,0104,14:30:00,14:40:00,0,0,0
1746,0104,14:40:00,14:50:00,7,2,5
1747,0104,14:50:00,15:00:00,0,1,4
1748,0104,15:00:00,15:10:00,0,0,0
1749,0104,15:10:00,15:20:00,0,0,0
1750,0104,15:20:00,15:30:00,6,3,3
1751,0104,15:30:00,15:40:00,0,2,0
1752,0104,15:40:00,15:50:00,0,0,0
1753,0104,15:50:00,16:00:00,3,1,2
1754,0104,16:00:00,16:10:00,0,1,0
1755,0104,16:10:00,16:20:00,0,0,0
1756,0104,16:20:00,16:30:00,0,0,0
1757,0105,14:00:00,14:10:00,0,0,0
1758,0105,14:10:00,14:20:00,2,0,2
1759,0105,14:20:00,14:30:00,0,0,2
1760,0105,14:30:00,14:40:00,5,1,0
1761,0105,14:40:00,14:50:00,5,0,5
1762,0105,14:50:00,15:00:00,10,2,13
1763,0105,15:00:00,15:10:00,7,0,2
1764,0105,15:10:00,15:20:00,2,0,4
1765,0105,15:20:00,15:30:00,0,2,2
1766,0105,15:30:00,15:40:00,3,3,0
1767,0105,15:40:00,15:50:00,2,0,2
1768,0105,15:50:00,16:00:00,5,0,7
1769,0105,16:00:00,16:10:00,5,1,1
1770,0105,16:10:00,16:20:00,10,0,11
1771,0105,16:20:00,16:30:00,1,0,12
1772,0106,08:00:00,08:10:00,0,0,0
1773,0106,08:10:00,08:20:00,5,0,5
1774,0106,08:20:00,08:30:00,2,0,1
1775,0106,08:30:00,08:40:00,9,0,10
1776,0106,08:40:00,08:50:00,0,2,0
1777,0106,08:50:00,09:00:00,9,0,9
1778,0106,09:00:00,09:10:00,2,0,1
1779,0106,09:10:00,09:20:00,3,0,4
1780,0106,09:20:00,09:30:00,2,0,0
1781,0106,09:30:00,09:40:00,0,0,0
1782,0106,09:40:00,09:50:00,4,0,1
1783,0106,09:50:00,10:00:00,1,1,1
1784,0106,10:00:00,10:10:00,0,0,0
1785,0106,10:10:00,10:20:00,8,0,8
1786,0106,10:20:00,10:30:00,1,0,9
1787,0106,10:30:00,10:40:00,0,0,1
1788,0106,10:40:00,10:50:00,0,0,1
1789,0106,10:50:00,11:00:00,9,0,10
1790,0107,11:00:00,11:10:00,8,0,1
1791,0107,11:10:00,11:20:00,5,0,6
1792,0107,11:20:00,11:30:00,0,0,6
1793,0107,11:30:00,11:40:00,4,0,1
1794,0107,11:40:00,11:50:00,1,0,2
1795,0107,11:50:00,12:00:00,6,0,8
1796,0107,12:00:00,12:10:00,9,3,1
1797,0107,12:10:00,12:20:00,3,1,3
1798,0107,12:20:00,12:30:00,0,0,3
1799,0107,12:30:00,12:40:00,0,2,0
1800,0107,12:40:00,12:50:00,3,0,3
1801,0107,12:50:00,13:00:00,3,0,6
1802,0107,13:00:00,13:10:00,0,0,1
1803,0107,13:10:00,13:20:00,1,0,2
1804,0107,13:20:00,13:30:00,0,2,0
1805,0107,13:30:00,13:40:00,6,0,1
1806,0107,13:40:00,13:50:00,5,0,6
1807,0107,13:50:00,14:00:00,1,1,6
1808,0108,14:00:00,14:10:00,0,0,0
1809,0108,14:10:00,14:20:00,5,0,5
1810,0108,14:20:00,14:30:00,7,2,10
1811,0108,14:30:00,14:40:00,6,1,2
1812,0108,14:40:00,14:50:00,0,1,1
1813,0108,14:50:00,15:00:00,7,0,8
1814,0108,15:00:00,15:10:00,2,4,3
1815,0108,15:10:00,15:20:00,7,5,5
1816,0108,15:20:00,15:30:00,4,2,7
1817,0108,15:30:00,15:40:00,3,0,1
1818,0108,15:40:00,15:50:00,3,4,0
1819,0108,15:50:00,16:00:00,1,0,1
1820,0108,16:00:00,16:10:00,2,1,2
1821,0108,16:10:00,16:20:00,0,2,0
1822,0108,16:20:00,16:30:00,0,0,0
1823,0109,14:00:00,14:10:00,0,0,0
1824,0109,14:10:00,14:20:00,6,2,4
1825,0109,14:20:00,14:30:00,3,2,5
1826,0109,14:30:00,14:40:00,1,2,4
1827,0109,14:40:00,14:50:00,0,3,1
1828,0109,14:50:00,15:00:00,7,2,6
1829,0109,15:00:00,15:10:00,1,2,5
1830,0109,15:10:00,15:20:00,1,3,3
1831,0109,15:20:00,15:30:00,1,4,0
1832,0109,15:30:00,15:40:00,0,0,0
1833,0109,15:40:00,15:50:00,0,0,0
1834,0109,15:50:00,16:00:00,4,2,2
1835,0109,16:00:00,16:10:00,0,1,1
1836,0109,16:10:00,16:20:00,0,1,0
1837,0109,16:20:00,16:30:00,2,0,2
1838,0110,14:00:00,14:10:00,6,0,1
1839,0110,14:10:00,14:20:00,2,1,2
1840,0110,14:20:00,14:30:00,0,1,1
1841,0110,14:30:00,14:40:00,9,0,1
1842,0110,14:40:00,14:50:00,0,0,1
1843,0110,14:50:00,15:00:00,4,0,5
1844,0110,15:00:00,15:10:00,6,0,2
1845,0110,15:10:00,15:20:00,8,3,7
1846,0110,15:20:00,15:30:00,8,3,12
1847,0110,15:30:00,15:40:00,2,4,1
1848,0110,15:40:00,15:50:00,4,0,5
1849,0110,15:50:00,16:00:00,0,0,5
1850,0110,16:00:00,16:10:00,1,2,0
1851,0110,16:10:00,16:20:00,5,0,5
1852,0110,16:20:00,16:30:00,4,1,8
1853,0111,11:00:00,11:10:00,10,0,1
1854,0111,11:10:00,11:20:00,5,0,6
1855,0111,11:20:00,11:30:00,2,4,4
1856,0111,11:30:00,11:40:00,2,1,1
1857,0111,11:40:00,11:50:00,6,1,6
1858,0111,11:50:00,12:00:00,3,4,5
1859,0111,12:00:00,12:10:00,4,0,1
1860,0111,12:10:00,12:20:00,0,0,1
1861,0111,12:20:00,12:30:00,0,1,0
1862,0111,12:30:00,12:40:00,3,0,0
1863,0111,12:40:00,12:50:00,0,0,0
1864,0111,12:50:00,13:00:00,9,0,9
1865,0111,13:00:00,13:10:00,0,1,1
1866,0111,13:10:00,13:20:00,6,0,7
1867,0111,13:20:00,13:30:00,3,0,10
1868,0111,13:30:00,13:40:00,2,0,2
1869,0111,13:40:00,13:50:00,4,0,6
1870,0111,13:50:00,14:00:00,5,1,10
1871,0112,14:00:00,14:10:00,1,0,1
1872,0112,14:10:00,14:20:00,3,1,3
1873,0112,14:20:00,14:30:00,4,2,5
1874,0112,14:30:00,14:40:00,1,1,5
1875,0112,14:40:00,14:50:00,0,1,4
1876,0112,14:50:00,15:00:00,1,0,5
1877,0112,15:00:00,15:10:00,0,3,2
1878,0112,15:10:00,15:20:00,0,0,2
1879,0112,15:20:00,15:30:00,0,0,2
1880,0112,15:30:00,15:40:00,0,1,1
1881,0112,15:40:00,15:50:00,7,0,8
1882,0112,15:50:00,16:00:00,5,1,12
1883,0112,16:00:00,16:10:00,0,1,11
1884,0112,16:10:00,16:20:00,0,0,11
1885,0112,16:20:00,16:30:00,3,0,14
1886,0113,14:00:00,14:10:00,9,0,9
1887,0113,14:10:00,14:20:00,4,5,8
1888,0113,14:20:00,14:30:00,3,0,11
1889,0113,14:30:00,14:40:00,3,0,14
1890,0113,14:40:00,14:50:00,4,4,14
1891,0113,14:50:00,15:00:00,7,2,19
1892,0113,15:00:00,15:10:00,7,5,14
1893,0113,15:10:00,15:20:00,0,3,11
1894,0113,15:20:00,15:30:00,1,2,10
1895,0113,15:30:00,15:40:00,2,3,1
1896,0113,15:40:00,15:50:00,3,0,4
1897,0113,15:50:00,16:00:00,7,5,6
1898,0113,16:00:00,16:10:00,3,1,2
1899,0113,16:10:00,16:20:00,4,3,3
1900,0113,16:20:00,16:30:00,4,0,7
1901,0114,08:00:00,08:10:00,1,1,0
1902,0114,08:10:00,08:20:00,7,0,7
1903,0114,08:20:00,08:30:00,5,3,0
1904,0114,08:30:00,08:40:00,0,0,0
1905,0114,08:40:00,08:50:00,10,0,10
1906,0114,08:50:00,09:00:00,17,2,25
1907,0114,09:00:00,09:10:00,15,6,26
1908,0114,09:10:00,09:20:00,5,17,14
1909,0114,09:20:00,09:30:00,8,4,6
1910,0114,09:30:00,09:40:00,8,3,11
1911,0114,09:40:00,09:50:00,8,3,1
1912,0114,09:50:00,10:00:00,8,0,9
1913,0114,10:00:00,10:10:00,6,4,0
1914,0114,10:10:00,10:20:00,6,1,5
1915,0114,10:20:00,10:30:00,6,3,8
1916,0114,10:30:00,10:40:00,8,1,10
1917,0114,10:40:00,10:50:00,9,1,18
1918,0114,10:50:00,11:00:00,12,5,25
1919,0115,11:00:00,11:10:00,9,0,6
1920,0115,11:10:00,11:20:00,11,0,17
1921,0115,11:20:00,11:30:00,6,4,19
1922,0115,11:30:00,11:40:00,4,4,15
1923,0115,11:40:00,11:50:00,9,4,20
1924,0115,11:50:00,12:00:00,11,7,24
1925,0115,12:00:00,12:10:00,0,11,11
1926,0115,12:10:00,12:20:00,1,4,8
1927,0115,12:20:00,12:30:00,3,1,10
1928,0115,12:30:00,12:40:00,2,6,0
1929,0115,12:40:00,12:50:00,2,1,1
1930,0115,12:50:00,13:00:00,9,8,2
1931,0115,13:00:00,13:10:00,6,3,0
1932,0115,13:10:00,13:20:00,0,0,0
1933,0115,13:20:00,13:30:00,0,0,0
1934,0115,13:30:00,13:40:00,3,0,0
1935,0115,13:40:00,13:50:00,2,2,0
1936,0115,13:50:00,14:00:00,8,2,6
1937,0116,14:00:00,14:10:00,4,0,0
1938,0116,14:10:00,14:20:00,6,2,4
1939,0116,14:20:00,14:30:00,5,2,7
1940,0116,14:30:00,14:40:00,3,1,1
1941,0116,14:40:00,14:50:00,6,0,7
1942,0116,14:50:00,15:00:00,6,0,13
1943,0116,15:00:00,15:10:00,3,0,2
1944,0116,15:10:00,15:20:00,0,0,2
1945,0116,15:20:00,15:30:00,7,0,9
1946,0116,15:30:00,15:40:00,0,1,1
1947,0116,15:40:00,15:50:00,3,0,4
1948,0116,15:50:00,16:00:00,4,0,8
1949,0116,16:00:00,16:10:00,5,0,1
1950,0116,16:10:00,16:20:00,1,0,2
1951,0116,16:20:00,16:30:00,9,0,11
1952,0117,08:00:00,08:10:00,1,0,0
1953,0117,08:10:00,08:20:00,2,0,2
1954,0117,08:20:00,08:30:00,8,0,1
1955,0117,08:30:00,08:40:00,1,0,2
1956,0117,08:40:00,08:50:00,6,0,1
1957,0117,08:50:00,09:00:00,2,2,1
1958,0117,09:00:00,09:10:00,2,0,0
1959,0117,09:10:00,09:20:00,1,0,1
1960,0117,09:20:00,09:30:00,3,4,0
1961,0117,09:30:00,09:40:00,0,0,0
1962,0117,09:40:00,09:50:00,7,0,2
1963,0117,09:50:00,10:00:00,2,1,3
1964,0117,10:00:00,10:10:00,2,1,0
1965,0117,10:10:00,10:20:00,0,0,0
1966,0117,10:20:00,10:30:00,5,4,1
1967,0117,10:30:00,10:40:00,4,0,1
1968,0117,10:40:00,10:50:00,3,0,4
1969,0117,10:50:00,11:00:00,5,0,9
1970,0118,08:00:00,08:10:00,5,3,2
1971,0118,08:10:00,08:20:00,1,0,3
1972,0118,08:20:00,08:30:00,0,0,3
1973,0118,08:30:00,08:40:00,2,1,4
1974,0118,08:40:00,08:50:00,2,0,6
1975,0118,08:50:00,09:00:00,0,2,4
1976,0118,09:00:00,09:10:00,0,1,3
1977,0118,09:10:00,09:20:00,0,0,3
1978,0118,09:20:00,09:30:00,0,0,3
1979,0118,09:30:00,09:40:00,1,0,4
1980,0118,09:40:00,09:50:00,0,2,2
1981,0118,09:50:00,10:00:00,4,0,6
1982,0118,10:00:00,10:10:00,0,0,6
1983,0118,10:10:00,10:20:00,0,2,4
1984,0118,10:20:00,10:30:00,0,0,4
1985,0118,10:30:00,10:40:00,0,0,4
1986,0118,10:40:00,10:50:00,3,2,5
1987,0118,10:50:00,11:00:00,1,2,4
1988,0119,14:00:00,14:10:00,0,0,0
1989,0119,14:10:00,14:20:00,3,0,3
1990,0119,14:20:00,14:30:00,2,5,0
1991,0119,14:30:00,14:40:00,6,1,1
1992,0119,14:40:00,14:50:00,3,0,4
1993,0119,14:50:00,15:00:00,6,0,10
1994,0119,15:00:00,15:10:00,5,6,1
1995,0119,15:10:00,15:20:00,0,1,0
1996,0119,15:20:00,15:30:00,5,4,1
1997,0119,15:30:00,15:40:00,0,0,0
1998,0119,15:40:00,15:50:00,4,0,4
1999,0119,15:50:00,16:00:00,11,3,12
2000,0119,16:00:00,16:10:00,1,6,1
2001,0119,16:10:00,16:20:00,3,0,4
2002,0119,16:20:00,16:30:00,1,4,1
2003,0120,08:00:00,08:10:00,0,0,0
2004,0120,08:10:00,08:20:00,5,0,5
2005,0120,08:20:00,08:30:00,2,3,4
2006,0120,08:30:00,08:40:00,2,1,5
2007,0120,08:40:00,08:50:00,2,1,6
2008,0120,08:50:00,09:00:00,1,0,7
2009,0120,09:00:00,09:10:00,2,2,7
2010,0120,09:10:00,09:20:00,0,2,5
2011,0120,09:20:00,09:30:00,0,2,3
2012,0120,09:30:00,09:40:00,0,3,0
2013,0120,09:40:00,09:50:00,0,0,0
2014,0120,09:50:00,10:00:00,3,0,3
2015,0120,10:00:00,10:10:00,4,2,5
2016,0120,10:10:00,10:20:00,0,4,1
2017,0120,10:20:00,10:30:00,2,0,3
2018,0120,10:30:00,10:40:00,0,2,1
2019,0120,10:40:00,10:50:00,8,2,7
2020,0120,10:50:00,11:00:00,3,5,5
2021,0121,11:00:00,11:10:00,20,1,6
2022,0121,11:10:00,11:20:00,3,0,9
2023,0121,11:20:00,11:30:00,2,3,8
2024,0121,11:30:00,11:40:00,4,1,0
2025,0121,11:40:00,11:50:00,5,1,4
2026,0121,11:50:00,12:00:00,7,0,11
2027,0121,12:00:00,12:10:00,10,4,1
2028,0121,12:10:00,12:20:00,8,0,9
2029,0121,12:20:00,12:30:00,0,0,9
2030,0121,12:30:00,12:40:00,0,0,0
2031,0121,12:40:00,12:50:00,0,0,0
2032,0121,12:50:00,13:00:00,4,0,4
2033,0121,13:00:00,13:10:00,2,1,1
2034,0121,13:10:00,13:20:00,6,0,7
2035,0121,13:20:00,13:30:00,4,0,11
2036,0121,13:30:00,13:40:00,4,1,8
2037,0121,13:40:00,13:50:00,6,0,14
2038,0121,13:50:00,14:00:00,5,1,18
2039,0122,11:00:00,11:10:00,3,2,0
2040,0122,11:10:00,11:20:00,6,0,6
2041,0122,11:20:00,11:30:00,0,1,5
2042,0122,11:30:00,11:40:00,11,0,1
2043,0122,11:40:00,11:50:00,5,0,6
2044,0122,11:50:00,12:00:00,4,0,10
2045,0122,12:00:00,12:10:00,0,0,1
2046,0122,12:10:00,12:20:00,2,1,2
2047,0122,12:20:00,12:30:00,4,0,6
2048,0122,12:30:00,12:40:00,2,0,1
2049,0122,12:40:00,12:50:00,6,1,6
2050,0122,12:50:00,13:00:00,5,5,6
2051,0122,13:00:00,13:10:00,0,1,1
2052,0122,13:10:00,13:20:00,1,0,2
2053,0122,13:20:00,13:30:00,3,0,5
2054,0122,13:30:00,13:40:00,3,1,0
2055,0122,13:40:00,13:50:00,3,1,2
2056,0122,13:50:00,14:00:00,6,0,8
2057,0123,08:00:00,08:10:00,6,0,1
2058,0123,08:10:00,08:20:00,7,0,8
2059,0123,08:20:00,08:30:00,6,4,1
2060,0123,08:30:00,08:40:00,4,0,5
2061,0123,08:40:00,08:50:00,15,1,1
2062,0123,08:50:00,09:00:00,11,0,12
2063,0123,09:00:00,09:10:00,3,0,2
2064,0123,09:10:00,09:20:00,2,0,4
2065,0123,09:20:00,09:30:00,2,6,0
2066,0123,09:30:00,09:40:00,3,0,3
2067,0123,09:40:00,09:50:00,8,1,1
2068,0123,09:50:00,10:00:00,1,1,1
2069,0123,10:00:00,10:10:00,2,1,0
2070,0123,10:10:00,10:20:00,2,0,2
2071,0123,10:20:00,10:30:00,7,0,9
2072,0123,10:30:00,10:40:00,7,3,2
2073,0123,10:40:00,10:50:00,6,1,7
2074,0123,10:50:00,11:00:00,0,2,5
2075,0124,11:00:00,11:10:00,2,0,0
2076,0124,11:10:00,11:20:00,1,1,0
2077,0124,11:20:00,11:30:00,0,0,0
2078,0124,11:30:00,11:40:00,7,0,1
2079,0124,11:40:00,11:50:00,3,0,4
2080,0124,11:50:00,12:00:00,0,0,4
2081,0124,12:00:00,12:10:00,0,2,0
2082,0124,12:10:00,12:20:00,1,0,1
2083,0124,12:20:00,12:30:00,0,0,1
2084,0124,12:30:00,12:40:00,0,1,0
2085,0124,12:40:00,12:50:00,0,0,0
2086,0124,12:50:00,13:00:00,4,0,4
2087,0124,13:00:00,13:10:00,0,2,0
2088,0124,13:10:00,13:20:00,0,0,0
2089,0124,13:20:00,13:30:00,0,0,0
2090,0124,13:30:00,13:40:00,4,0,0
2091,0124,13:40:00,13:50:00,0,0,0
2092,0124,13:50:00,14:00:00,4,0,4
2093,0125,11:00:00,11:10:00,14,0,4
2094,0125,11:10:00,11:20:00,0,0,4
2095,0125,11:20:00,11:30:00,2,0,6
2096,0125,11:30:00,11:40:00,6,4,7
2097,0125,11:40:00,11:50:00,5,2,10
2098,0125,11:50:00,12:00:00,0,3,7
2099,0125,12:00:00,12:10:00,5,1,1
2100,0125,12:10:00,12:20:00,1,1,1
2101,0125,12:20:00,12:30:00,7,0,8
2102,0125,12:30:00,12:40:00,0,4,0
2103,0125,12:40:00,12:50:00,5,1,4
2104,0125,12:50:00,13:00:00,5,2,7
2105,0125,13:00:00,13:10:00,0,3,0
2106,0125,13:10:00,13:20:00,1,0,1
2107,0125,13:20:00,13:30:00,0,0,1
2108,0125,13:30:00,13:40:00,8,0,0
2109,0125,13:40:00,13:50:00,10,2,8
2110,0125,13:50:00,14:00:00,3,4,7
2111,0126,08:00:00,08:10:00,2,0,0
2112,0126,08:10:00,08:20:00,4,2,2
2113,0126,08:20:00,08:30:00,7,2,1
2114,0126,08:30:00,08:40:00,7,1,7
2115,0126,08:40:00,08:50:00,10,6,1
2116,0126,08:50:00,09:00:00,11,2,10
2117,0126,09:00:00,09:10:00,5,9,1
2118,0126,09:10:00,09:20:00,4,3,2
2119,0126,09:20:00,09:30:00,2,4,0
2120,0126,09:30:00,09:40:00,0,0,0
2121,0126,09:40:00,09:50:00,2,0,0
2122,0126,09:50:00,10:00:00,2,1,1
2123,0126,10:00:00,10:10:00,0,1,0
2124,0126,10:10:00,10:20:00,1,1,0
2125,0126,10:20:00,10:30:00,0,0,0
2126,0126,10:30:00,10:40:00,2,0,0
2127,0126,10:40:00,10:50:00,4,0,4
2128,0126,10:50:00,11:00:00,4,4,4
2129,0127,14:00:00,14:10:00,0,0,0
2130,0127,14:10:00,14:20:00,1,0,1
2131,0127,14:20:00,14:30:00,4,3,2
2132,0127,14:30:00,14:40:00,0,2,0
2133,0127,14:40:00,14:50:00,7,2,5
2134,0127,14:50:00,15:00:00,11,5,11
2135,0127,15:00:00,15:10:00,1,6,1
2136,0127,15:10:00,15:20:00,3,0,4
2137,0127,15:20:00,15:30:00,3,5,2
2138,0127,15:30:00,15:40:00,1,0,0
2139,0127,15:40:00,15:50:00,6,0,6
2140,0127,15:50:00,16:00:00,3,4,5
2141,0127,16:00:00,16:10:00,5,4,0
2142,0127,16:10:00,16:20:00,2,1,1
2143,0127,16:20:00,16:30:00,2,0,3
2144,0128,11:00:00,11:10:00,7,1,0
2145,0128,11:10:00,11:20:00,6,0,6
2146,0128,11:20:00,11:30:00,12,5,13
2147,0128,11:30:00,11:40:00,6,4,2
2148,0128,11:40:00,11:50:00,5,0,7
2149,0128,11:50:00,12:00:00,6,4,9
2150,0128,12:00:00,12:10:00,0,3,3
2151,0128,12:10:00,12:20:00,0,1,2
2152,0128,12:20:00,12:30:00,0,2,0
2153,0128,12:30:00,12:40:00,7,0,3
2154,0128,12:40:00,12:50:00,0,3,0
2155,0128,12:50:00,13:00:00,1,1,0
2156,0128,13:00:00,13:10:00,0,0,0
2157,0128,13:10:00,13:20:00,5,0,5
2158,0128,13:20:00,13:30:00,1,2,4
2159,0128,13:30:00,13:40:00,2,0,1
2160,0128,13:40:00,13:50:00,4,0,5
2161,0128,13:50:00,14:00:00,7,0,12
2162,0129,08:00:00,08:10:00,4,1,3
2163,0129,08:10:00,08:20:00,4,0,7
2164,0129,08:20:00,08:30:00,5,2,10
2165,0129,08:30:00,08:40:00,3,2,11
2166,0129,08:40:00,08:50:00,2,2,11
2167,0129,08:50:00,09:00:00,6,4,13
2168,0129,09:00:00,09:10:00,3,2,14
2169,0129,09:10:00,09:20:00,0,3,11
2170,0129,09:20:00,09:30:00,5,2,14
2171,0129,09:30:00,09:40:00,1,2,13
2172,0129,09:40:00,09:50:00,0,4,9
2173,0129,09:50:00,10:00:00,4,2,11
2174,0129,10:00:00,10:10:00,0,0,11
2175,0129,10:10:00,10:20:00,0,5,6
2176,0129,10:20:00,10:30:00,1,3,4
2177,0129,10:30:00,10:40:00,0,2,2
2178,0129,10:40:00,10:50:00,1,2,1
2179,0129,10:50:00,11:00:00,2,3,0
2180,0130,14:00:00,14:10:00,0,0,0
2181,0130,14:10:00,14:20:00,2,0,2
2182,0130,14:20:00,14:30:00,5,2,5
2183,0130,14:30:00,14:40:00,4,3,2
2184,0130,14:40:00,14:50:00,0,1,1
2185,0130,14:50:00,15:00:00,8,1,8
2186,0130,15:00:00,15:10:00,3,3,1
2187,0130,15:10:00,15:20:00,0,0,1
2188,0130,15:20:00,15:30:00,2,2,1
2189,0130,15:30:00,15:40:00,0,1,0
2190,0130,15:40:00,15:50:00,3,3,0
2191,0130,15:50:00,16:00:00,0,0,0
2192,0130,16:00:00,16:10:00,1,1,0
2193,0130,16:10:00,16:20:00,0,0,0
2194,0130,16:20:00,16:30:00,0,0,0
2195,0131,14:00:00,14:10:00,1,0,0
2196,0131,14:10:00,14:20:00,4,0,4
2197,0131,14:20:00,14:30:00,0,0,4
2198,0131,14:30:00,14:40:00,4,3,0
2199,0131,14:40:00,14:50:00,0,0,0
2200,0131,14:50:00,15:00:00,15,0,15
2201,0131,15:00:00,15:10:00,7,0,3
2202,0131,15:10:00,15:20:00,4,3,4
2203,0131,15:20:00,15:30:00,2,0,6
2204,0131,15:30:00,15:40:00,3,0,1
2205,0131,15:40:00,15:50:00,8,0,9
2206,0131,15:50:00,16:00:00,11,1,19
2207,0131,16:00:00,16:10:00,6,2,2
2208,0131,16:10:00,16:20:00,3,0,5
2209,0131,16:20:00,16:30:00,4,0,9
2210,0132,14:00:00,14:10:00,6,0,6
2211,0132,14:10:00,14:20:00,0,1,5
2212,0132,14:20:00,14:30:00,5,0,10
2213,0132,14:30:00,14:40:00,1,0,11
2214,0132,14:40:00,14:50:00,6,2,15
2215,0132,14:50:00,15:00:00,6,1,20
2216,0132,15:00:00,15:10:00,0,3,17
2217,0132,15:10:00,15:20:00,1,5,13
2218,0132,15:20:00,15:30:00,0,1,12
2219,0132,15:30:00,15:40:00,0,0,12
2220,0132,15:40:00,15:50:00,3,3,12
2221,0132,15:50:00,16:00:00,0,5,7
2222,0132,16:00:00,16:10:00,1,3,5
2223,0132,16:10:00,16:20:00,1,2,4
2224,0132,16:20:00,16:30:00,1,3,2
2225,0133,11:00:00,11:10:00,1,0,0
2226,0133,11:10:00,11:20:00,0,0,0
2227,0133,11:20:00,11:30:00,3,0,3
2228,0133,11:30:00,11:40:00,0,0,0
2229,0133,11:40:00,11:50:00,8,0,8
2230,0133,11:50:00,12:00:00,5,3,10
2231,0133,12:00:00,12:10:00,0,2,1
2232,0133,12:10:00,12:20:00,8,0,9
2233,0133,12:20:00,12:30:00,4,4,9
2234,0133,12:30:00,12:40:00,0,2,1
2235,0133,12:40:00,12:50:00,1,0,2
2236,0133,12:50:00,13:00:00,3,0,5
2237,0133,13:00:00,13:10:00,5,1,3
2238,0133,13:10:00,13:20:00,1,2,2
2239,0133,13:20:00,13:30:00,3,0,5
2240,0133,13:30:00,13:40:00,1,1,0
2241,0133,13:40:00,13:50:00,9,5,4
2242,0133,13:50:00,14:00:00,7,0,11
2243,0134,14:00:00,14:10:00,7,1,0
2244,0134,14:10:00,14:20:00,6,1,5
2245,0134,14:20:00,14:30:00,7,0,12
2246,0134,14:30:00,14:40:00,2,0,5
2247,0134,14:40:00,14:50:00,8,0,13
2248,0134,14:50:00,15:00:00,3,5,11
2249,0134,15:00:00,15:10:00,6,0,1
2250,0134,15:10:00,15:20:00,7,0,8
2251,0134,15:20:00,15:30:00,4,1,11
2252,0134,15:30:00,15:40:00,8,3,16
2253,0134,15:40:00,15:50:00,6,0,22
2254,0134,15:50:00,16:00:00,7,6,23
2255,0134,16:00:00,16:10:00,1,9,0
2256,0134,16:10:00,16:20:00,8,0,8
2257,0134,16:20:00,16:30:00,4,1,11
2258,0135,08:00:00,08:10:00,4,0,4
2259,0135,08:10:00,08:20:00,5,1,8
2260,0135,08:20:00,08:30:00,8,0,4
2261,0135,08:30:00,08:40:00,0,2,2
2262,0135,08:40:00,08:50:00,7,0,1
2263,0135,08:50:00,09:00:00,2,0,3
2264,0135,09:00:00,09:10:00,7,0,1
2265,0135,09:10:00,09:20:00,0,1,0
2266,0135,09:20:00,09:30:00,1,1,0
2267,0135,09:30:00,09:40:00,3,0,3
2268,0135,09:40:00,09:50:00,1,0,2
2269,0135,09:50:00,10:00:00,1,0,3
2270,0135,10:00:00,10:10:00,3,2,0
2271,0135,10:10:00,10:20:00,6,0,6
2272,0135,10:20:00,10:30:00,0,0,6
2273,0135,10:30:00,10:40:00,0,0,1
2274,0135,10:40:00,10:50:00,5,2,4
2275,0135,10:50:00,11:00:00,5,4,5
2276,0136,14:00:00,14:10:00,0,0,0
2277,0136,14:10:00,14:20:00,1,0,1
2278,0136,14:20:00,14:30:00,0,0,1
2279,0136,14:30:00,14:40:00,2,0,0
2280,0136,14:40:00,14:50:00,6,0,6
2281,0136,14:50:00,15:00:00,4,0,10
2282,0136,15:00:00,15:10:00,5,3,1
2283,0136,15:10:00,15:20:00,4,0,5
2284,0136,15:20:00,15:30:00,0,2,3
2285,0136,15:30:00,15:40:00,3,0,1
2286,0136,15:40:00,15:50:00,3,0,4
2287,0136,15:50:00,16:00:00,3,0,7
2288,0136,16:00:00,16:10:00,0,0,1
2289,0136,16:10:00,16:20:00,4,0,5
2290,0136,16:20:00,16:30:00,0,0,5
2291,0137,14:00:00,14:10:00,3,0,0
2292,0137,14:10:00,14:20:00,6,0,6
2293,0137,14:20:00,14:30:00,0,0,6
2294,0137,14:30:00,14:40:00,5,0,1
2295,0137,14:40:00,14:50:00,10,0,11
2296,0137,14:50:00,15:00:00,7,3,15
2297,0137,15:00:00,15:10:00,9,2,2
2298,0137,15:10:00,15:20:00,8,4,6
2299,0137,15:20:00,15:30:00,2,4,4
2300,0137,15:30:00,15:40:00,5,1,2
2301,0137,15:40:00,15:50:00,0,0,2
2302,0137,15:50:00,16:00:00,0,2,0
2303,0137,16:00:00,16:10:00,3,0,0
2304,0137,16:10:00,16:20:00,8,0,8
2305,0137,16:20:00,16:30:00,3,1,10
2306,0138,14:00:00,14:10:00,13,0,7
2307,0138,14:10:00,14:20:00,8,2,13
2308,0138,14:20:00,14:30:00,3,0,16
2309,0138,14:30:00,14:40:00,7,3,10
2310,0138,14:40:00,14:50:00,4,5,9
2311,0138,14:50:00,15:00:00,4,2,11
2312,0138,15:00:00,15:10:00,9,1,10
2313,0138,15:10:00,15:20:00,7,0,17
2314,0138,15:20:00,15:30:00,2,8,11
2315,0138,15:30:00,15:40:00,8,3,16
2316,0138,15:40:00,15:50:00,9,6,19
2317,0138,15:50:00,16:00:00,6,8,17
2318,0138,16:00:00,16:10:00,4,3,18
2319,0138,16:10:00,16:20:00,1,6,13
2320,0138,16:20:00,16:30:00,0,2,11
2321,0139,11:00:00,11:10:00,45,0,36
2322,0139,11:10:00,11:20:00,0,8,28
2323,0139,11:20:00,11:30:00,4,6,26
2324,0139,11:30:00,11:40:00,2,1,27
2325,0139,11:40:00,11:50:00,3,4,26
2326,0139,11:50:00,12:00:00,8,7,27
2327,0139,12:00:00,12:10:00,4,4,19
2328,0139,12:10:00,12:20:00,0,1,18
2329,0139,12:20:00,12:30:00,2,1,19
2330,0139,12:30:00,12:40:00,0,3,15
2331,0139,12:40:00,12:50:00,7,5,17
2332,0139,12:50:00,13:00:00,4,5,16
2333,0139,13:00:00,13:10:00,1,2,7
2334,0139,13:10:00,13:20:00,4,8,3
2335,0139,13:20:00,13:30:00,1,4,0
2336,0139,13:30:00,13:40:00,0,0,0
2337,0139,13:40:00,13:50:00,0,0,0
2338,0139,13:50:00,14:00:00,1,0,1
2339,0140,14:00:00,14:10:00,5,1,0
2340,0140,14:10:00,14:20:00,8,0,8
2341,0140,14:20:00,14:30:00,8,0,16
2342,0140,14:30:00,14:40:00,7,6,4
2343,0140,14:40:00,14:50:00,9,3,10
2344,0140,14:50:00,15:00:00,12,2,20
2345,0140,15:00:00,15:10:00,15,4,7
2346,0140,15:10:00,15:20:00,8,0,15
2347,0140,15:20:00,15:30:00,11,1,25
2348,0140,15:30:00,15:40:00,2,13,0
2349,0140,15:40:00,15:50:00,5,1,4
2350,0140,15:50:00,16:00:00,8,1,11
2351,0140,16:00:00,16:10:00,1,1,0
2352,0140,16:10:00,16:20:00,0,0,0
2353,0140,16:20:00,16:30:00,5,0,5
2354,0141,11:00:00,11:10:00,5,1,0
2355,0141,11:10:00,11:20:00,8,0,8
2356,0141,11:20:00,11:30:00,9,0,17
2357,0141,11:30:00,11:40:00,9,2,19
2358,0141,11:40:00,11:50:00,6,9,16
2359,0141,11:50:00,12:00:00,7,4,19
2360,0141,12:00:00,12:10:00,7,2,14
2361,0141,12:10:00,12:20:00,0,7,7
2362,0141,12:20:00,12:30:00,3,2,8
2363,0141,12:30:00,12:40:00,3,0,0
2364,0141,12:40:00,12:50:00,9,0,9
2365,0141,12:50:00,13:00:00,8,5,12
2366,0141,13:00:00,13:10:00,8,0,9
2367,0141,13:10:00,13:20:00,9,0,18
2368,0141,13:20:00,13:30:00,1,9,10
2369,0141,13:30:00,13:40:00,14,2,9
2370,0141,13:40:00,13:50:00,6,5,10
2371,0141,13:50:00,14:00:00,3,5,8
2372,0142,08:00:00,08:10:00,0,0,0
2373,0142,08:10:00,08:20:00,7,1,6
2374,0142,08:20:00,08:30:00,0,6,0
2375,0142,08:30:00,08:40:00,0,0,0
2376,0142,08:40:00,08:50:00,4,1,0
2377,0142,08:50:00,09:00:00,12,0,12
2378,0142,09:00:00,09:10:00,9,2,17
2379,0142,09:10:00,09:20:00,1,6,12
2380,0142,09:20:00,09:30:00,10,5,2
2381,0142,09:30:00,09:40:00,1,1,2
2382,0142,09:40:00,09:50:00,4,2,2
2383,0142,09:50:00,10:00:00,4,5,1
2384,0142,10:00:00,10:10:00,0,1,0
2385,0142,10:10:00,10:20:00,3,0,3
2386,0142,10:20:00,10:30:00,9,3,9
2387,0142,10:30:00,10:40:00,10,5,14
2388,0142,10:40:00,10:50:00,1,2,13
2389,0142,10:50:00,11:00:00,0,2,11
2390,0143,14:00:00,14:10:00,5,0,5
2391,0143,14:10:00,14:20:00,0,2,3
2392,0143,14:20:00,14:30:00,2,2,3
2393,0143,14:30:00,14:40:00,4,0,7
2394,0143,14:40:00,14:50:00,0,0,7
2395,0143,14:50:00,15:00:00,2,4,5
2396,0143,15:00:00,15:10:00,0,4,1
2397,0143,15:10:00,15:20:00,0,1,0
2398,0143,15:20:00,15:30:00,0,0,0
2399,0143,15:30:00,15:40:00,0,0,0
2400,0143,15:40:00,15:50:00,3,0,3
2401,0143,15:50:00,16:00:00,0,2,1
2402,0143,16:00:00,16:10:00,0,0,1
2403,0143,16:10:00,16:20:00,3,0,4
2404,0143,16:20:00,16:30:00,0,2,2
2405,0144,11:00:00,11:10:00,0,0,0
2406,0144,11:10:00,11:20:00,5,0,5
2407,0144,11:20:00,11:30:00,2,1,6
2408,0144,11:30:00,11:40:00,0,1,0
2409,0144,11:40:00,11:50:00,0,0,0
2410,0144,11:50:00,12:00:00,0,0,0
2411,0144,12:00:00,12:10:00,0,0,0
2412,0144,12:10:00,12:20:00,0,0,0
2413,0144,12:20:00,12:30:00,1,1,0
2414,0144,12:30:00,12:40:00,1,0,0
2415,0144,12:40:00,12:50:00,0,0,0
2416,0144,12:50:00,13:00:00,0,0,0
2417,0144,13:00:00,13:10:00,6,0,1
2418,0144,13:10:00,13:20:00,5,3,3
2419,0144,13:20:00,13:30:00,0,2,1
2420,0144,13:30:00,13:40:00,2,3,0
2421,0144,13:40:00,13:50:00,0,0,0
2422,0144,13:50:00,14:00:00,2,0,2
2423,0145,08:00:00,08:10:00,5,1,1
2424,0145,08:10:00,08:20:00,4,0,5
2425,0145,08:20:00,08:30:00,0,3,0
2426,0145,08:30:00,08:40:00,0,0,0
2427,0145,08:40:00,08:50:00,0,0,0
2428,0145,08:50:00,09:00:00,9,0,9
2429,0145,09:00:00,09:10:00,7,4,1
2430,0145,09:10:00,09:20:00,1,2,0
2431,0145,09:20:00,09:30:00,8,0,1
2432,0145,09:30:00,09:40:00,1,0,2
2433,0145,09:40:00,09:50:00,0,2,0
2434,0145,09:50:00,10:00:00,0,0,0
2435,0145,10:00:00,10:10:00,2,0,0
2436,0145,10:10:00,10:20:00,4,0,4
2437,0145,10:20:00,10:30:00,5,4,5
2438,0145,10:30:00,10:40:00,2,2,0
2439,0145,10:40:00,10:50:00,6,1,5
2440,0145,10:50:00,11:00:00,6,2,9
2441,0146,11:00:00,11:10:00,0,0,0
2442,0146,11:10:00,11:20:00,0,0,0
2443,0146,11:20:00,11:30:00,0,0,0
2444,0146,11:30:00,11:40:00,1,1,0
2445,0146,11:40:00,11:50:00,0,0,0
2446,0146,11:50:00,12:00:00,3,1,2
2447,0146,12:00:00,12:10:00,0,0,2
2448,0146,12:10:00,12:20:00,2,2,2
2449,0146,12:20:00,12:30:00,0,2,0
2450,0146,12:30:00,12:40:00,1,0,1
2451,0146,12:40:00,12:50:00,2,0,3
2452,0146,12:50:00,13:00:00,2,2,3
2453,0146,13:00:00,13:10:00,3,3,3
2454,0146,13:10:00,13:20:00,1,3,1
2455,0146,13:20:00,13:30:00,3,1,3
2456,0146,13:30:00,13:40:00,2,4,1
2457,0146,13:40:00,13:50:00,0,0,1
2458,0146,13:50:00,14:00:00,7,5,3
2459,0147,14:00:00,14:10:00,9,3,1
2460,0147,14:10:00,14:20:00,0,1,0
2461,0147,14:20:00,14:30:00,4,0,4
2462,0147,14:30:00,14:40:00,0,0,1
2463,0147,14:40:00,14:50:00,3,2,2
2464,0147,14:50:00,15:00:00,6,0,8
2465,0147,15:00:00,15:10:00,0,0,0
2466,0147,15:10:00,15:20:00,0,0,0
2467,0147,15:20:00,15:30:00,5,1,4
2468,0147,15:30:00,15:40:00,6,0,1
2469,0147,15:40:00,15:50:00,4,0,5
2470,0147,15:50:00,16:00:00,6,0,11
2471,0147,16:00:00,16:10:00,1,0,1
2472,0147,16:10:00,16:20:00,0,0,1
2473,0147,16:20:00,16:30:00,0,0,1
2474,0148,11:00:00,11:10:00,44,2,35
2475,0148,11:10:00,11:20:00,4,7,32
2476,0148,11:20:00,11:30:00,0,8,24
2477,0148,11:30:00,11:40:00,0,2,22
2478,0148,11:40:00,11:50:00,0,1,21
2479,0148,11:50:00,12:00:00,8,10,19
2480,0148,12:00:00,12:10:00,3,1,8
2481,0148,12:10:00,12:20:00,0,3,5
2482,0148,12:20:00,12:30:00,0,3,2
2483,0148,12:30:00,12:40:00,2,2,0
2484,0148,12:40:00,12:50:00,3,1,2
2485,0148,12:50:00,13:00:00,4,3,3
2486,0148,13:00:00,13:10:00,0,0,0
2487,0148,13:10:00,13:20:00,2,0,2
2488,0148,13:20:00,13:30:00,1,2,1
2489,0148,13:30:00,13:40:00,2,1,0
2490,0148,13:40:00,13:50:00,0,0,0
2491,0148,13:50:00,14:00:00,2,0,2
2492,0149,08:00:00,08:10:00,0,0,0
2493,0149,08:10:00,08:20:00,0,0,0
2494,0149,08:20:00,08:30:00,5,2,3
2495,0149,08:30:00,08:40:00,4,3,4
2496,0149,08:40:00,08:50:00,3,4,3
2497,0149,08:50:00,09:00:00,1,1,3
2498,0149,09:00:00,09:10:00,4,4,3
2499,0149,09:10:00,09:20:00,4,2,5
2500,0149,09:20:00,09:30:00,0,0,5
2501,0149,09:30:00,09:40:00,0,3,2
2502,0149,09:40:00,09:50:00,4,0,6
2503,0149,09:50:00,10:00:00,0,3,3
2504,0149,10:00:00,10:10:00,0,2,1
2505,0149,10:10:00,10:20:00,3,1,3
2506,0149,10:20:00,10:30:00,0,1,2
2507,0149,10:30:00,10:40:00,0,2,0
2508,0149,10:40:00,10:50:00,0,0,0
2509,0149,10:50:00,11:00:00,3,0,3
2510,0150,11:00:00,11:10:00,47,0,40
2511,0150,11:10:00,11:20:00,7,10,37
2512,0150,11:20:00,11:30:00,4,6,35
2513,0150,11:30:00,11:40:00,2,2,29
2514,0150,11:40:00,11:50:00,9,2,36
2515,0150,11:50:00,12:00:00,2,11,27
2516,0150,12:00:00,12:10:00,2,0,14
2517,0150,12:10:00,12:20:00,3,5,12
2518,0150,12:20:00,12:30:00,3,4,11
2519,0150,12:30:00,12:40:00,0,2,1
2520,0150,12:40:00,12:50:00,6,1,6
2521,0150,12:50:00,13:00:00,1,3,4
2522,0150,13:00:00,13:10:00,2,3,0
2523,0150,13:10:00,13:20:00,1,0,1
2524,0150,13:20:00,13:30:00,0,1,0
2525,0150,13:30:00,13:40:00,4,0,2
2526,0150,13:40:00,13:50:00,5,0,7
2527,0150,13:50:00,14:00:00,4,4,7
2528,0151,08:00:00,08:10:00,0,0,0
2529,0151,08:10:00,08:20:00,4,0,4
2530,0151,08:20:00,08:30:00,3,3,1
2531,0151,08:30:00,08:40:00,3,3,1
2532,0151,08:40:00,08:50:00,3,0,0
2533,0151,08:50:00,09:00:00,7,1,6
2534,0151,09:00:00,09:10:00,4,4,0
2535,0151,09:10:00,09:20:00,4,0,4
2536,0151,09:20:00,09:30:00,2,3,0
2537,0151,09:30:00,09:40:00,9,0,9
2538,0151,09:40:00,09:50:00,2,1,3
2539,0151,09:50:00,10:00:00,9,2,10
2540,0151,10:00:00,10:10:00,1,3,1
2541,0151,10:10:00,10:20:00,7,1,7
2542,0151,10:20:00,10:30:00,6,4,9
2543,0151,10:30:00,10:40:00,2,2,8
2544,0151,10:40:00,10:50:00,2,2,8
2545,0151,10:50:00,11:00:00,8,3,13
2546,0152,08:00:00,08:10:00,10,0,7
2547,0152,08:10:00,08:20:00,8,0,15
2548,0152,08:20:00,08:30:00,0,2,13
2549,0152,08:30:00,08:40:00,0,3,10
2550,0152,08:40:00,08:50:00,5,0,4
2551,0152,08:50:00,09:00:00,6,0,10
2552,0152,09:00:00,09:10:00,3,3,1
2553,0152,09:10:00,09:20:00,1,0,2
2554,0152,09:20:00,09:30:00,0,0,0
2555,0152,09:30:00,09:40:00,11,0,11
2556,0152,09:40:00,09:50:00,8,2,2
2557,0152,09:50:00,10:00:00,6,1,7
2558,0152,10:00:00,10:10:00,2,0,1
2559,0152,10:10:00,10:20:00,8,4,5
2560,0152,10:20:00,10:30:00,5,2,8
2561,0152,10:30:00,10:40:00,3,1,9
2562,0152,10:40:00,10:50:00,1,5,5
2563,0152,10:50:00,11:00:00,12,2,15
2564,0153,11:00:00,11:10:00,9,0,7
2565,0153,11:10:00,11:20:00,13,0,20
2566,0153,11:20:00,11:30:00,7,5,22
2567,0153,11:30:00,11:40:00,6,7,15
2568,0153,11:40:00,11:50:00,6,3,18
2569,0153,11:50:00,12:00:00,6,1,23
2570,0153,12:00:00,12:10:00,2,8,9
2571,0153,12:10:00,12:20:00,4,1,12
2572,0153,12:20:00,12:30:00,0,2,10
2573,0153,12:30:00,12:40:00,8,1,14
2574,0153,12:40:00,12:50:00,2,6,10
2575,0153,12:50:00,13:00:00,9,0,19
2576,0153,13:00:00,13:10:00,11,4,21
2577,0153,13:10:00,13:20:00,0,2,19
2578,0153,13:20:00,13:30:00,1,4,16
2579,0153,13:30:00,13:40:00,11,5,12
2580,0153,13:40:00,13:50:00,0,3,9
2581,0153,13:50:00,14:00:00,1,1,9
2582,0154,08:00:00,08:10:00,0,0,0
2583,0154,08:10:00,08:20:00,5,0,5
2584,0154,08:20:00,08:30:00,3,1,1
2585,0154,08:30:00,08:40:00,5,0,6
2586,0154,08:40:00,08:50:00,2,1,0
2587,0154,08:50:00,09:00:00,8,0,8
2588,0154,09:00:00,09:10:00,5,0,1
2589,0154,09:10:00,09:20:00,5,2,4
2590,0154,09:20:00,09:30:00,2,0,1
2591,0154,09:30:00,09:40:00,5,0,6
2592,0154,09:40:00,09:50:00,4,2,1
2593,0154,09:50:00,10:00:00,7,0,8
2594,0154,10:00:00,10:10:00,6,0,2
2595,0154,10:10:00,10:20:00,5,0,7
2596,0154,10:20:00,10:30:00,10,0,17
2597,0154,10:30:00,10:40:00,2,0,2
2598,0154,10:40:00,10:50:00,9,0,11
2599,0154,10:50:00,11:00:00,7,0,18
2600,0155,14:00:00,14:10:00,7,0,1
2601,0155,14:10:00,14:20:00,3,0,4
2602,0155,14:20:00,14:30:00,3,3,4
2603,0155,14:30:00,14:40:00,1,2,0
2604,0155,14:40:00,14:50:00,5,0,5
2605,0155,14:50:00,15:00:00,8,4,9
2606,0155,15:00:00,15:10:00,6,5,1
2607,0155,15:10:00,15:20:00,3,0,4
2608,0155,15:20:00,15:30:00,0,4,0
2609,0155,15:30:00,15:40:00,3,3,0
2610,0155,15:40:00,15:50:00,4,0,4
2611,0155,15:50:00,16:00:00,6,4,6
2612,0155,16:00:00,16:10:00,0,3,0
2613,0155,16:10:00,16:20:00,6,0,6
2614,0155,16:20:00,16:30:00,8,6,8
2615,0156,08:00:00,08:10:00,7,0,0
2616,0156,08:10:00,08:20:00,8,0,8
2617,0156,08:20:00,08:30:00,6,5,9
2618,0156,08:30:00,08:40:00,13,2,20
2619,0156,08:40:00,08:50:00,9,4,16
2620,0156,08:50:00,09:00:00,8,9,15
2621,0156,09:00:00,09:10:00,10,4,20
2622,0156,09:10:00,09:20:00,10,10,20
2623,0156,09:20:00,09:30:00,5,8,1
2624,0156,09:30:00,09:40:00,5,0,6
2625,0156,09:40:00,09:50:00,9,0,5
2626,0156,09:50:00,10:00:00,7,1,11
2627,0156,10:00:00,10:10:00,5,3,8
2628,0156,10:10:00,10:20:00,6,0,14
2629,0156,10:20:00,10:30:00,6,2,18
2630,0156,10:30:00,10:40:00,5,11,5
2631,0156,10:40:00,10:50:00,12,3,14
2632,0156,10:50:00,11:00:00,12,4,22
2633,0157,14:00:00,14:10:00,3,2,0
2634,0157,14:10:00,14:20:00,3,0,3
2635,0157,14:20:00,14:30:00,0,2,1
2636,0157,14:30:00,14:40:00,5,2,0
2637,0157,14:40:00,14:50:00,7,0,7
2638,0157,14:50:00,15:00:00,9,2,14
2639,0157,15:00:00,15:10:00,3,2,3
2640,0157,15:10:00,15:20:00,1,2,2
2641,0157,15:20:00,15:30:00,5,0,7
2642,0157,15:30:00,15:40:00,2,3,1
2643,0157,15:40:00,15:50:00,7,2,6
2644,0157,15:50:00,16:00:00,5,4,7
2645,0157,16:00:00,16:10:00,0,6,0
2646,0157,16:10:00,16:20:00,3,0,3
2647,0157,16:20:00,16:30:00,3,2,4
2648,0158,14:00:00,14:10:00,2,0,2
2649,0158,14:10:00,14:20:00,3,5,0
2650,0158,14:20:00,14:30:00,3,1,2
2651,0158,14:30:00,14:40:00,0,0,2
2652,0158,14:40:00,14:50:00,6,2,6
2653,0158,14:50:00,15:00:00,4,2,8
2654,0158,15:00:00,15:10:00,1,5,4
2655,0158,15:10:00,15:20:00,3,2,5
2656,0158,15:20:00,15:30:00,2,5,2
2657,0158,15:30:00,15:40:00,2,4,0
2658,0158,15:40:00,15:50:00,1,0,1
2659,0158,15:50:00,16:00:00,0,1,0
2660,0158,16:00:00,16:10:00,0,0,0
2661,0158,16:10:00,16:20:00,0,0,0
2662,0158,16:20:00,16:30:00,1,0,1
2663,0159,11:00:00,11:10:00,3,0,3
2664,0159,11:10:00,11:20:00,9,2,10
2665,0159,11:20:00,11:30:00,4,2,12
2666,0159,11:30:00,11:40:00,1,3,10
2667,0159,11:40:00,11:50:00,2,4,8
2668,0159,11:50:00,12:00:00,3,2,9
2669,0159,12:00:00,12:10:00,1,1,9
2670,0159,12:10:00,12:20:00,0,2,7
2671,0159,12:20:00,12:30:00,0,2,5
2672,0159,12:30:00,12:40:00,2,1,6
2673,0159,12:40:00,12:50:00,6,4,8
2674,0159,12:50:00,13:00:00,0,3,5
2675,0159,13:00:00,13:10:00,4,1,8
2676,0159,13:10:00,13:20:00,5,0,13
2677,0159,13:20:00,13:30:00,5,1,17
2678,0159,13:30:00,13:40:00,0,0,17
2679,0159,13:40:00,13:50:00,2,5,14
2680,0159,13:50:00,14:00:00,3,5,12
2681,0160,11:00:00,11:10:00,7,0,1
2682,0160,11:10:00,11:20:00,5,1,5
2683,0160,11:20:00,11:30:00,6,4,7
2684,0160,11:30:00,11:40:00,6,4,1
2685,0160,11:40:00,11:50:00,0,0,1
2686,0160,11:50:00,12:00:00,0,0,1
2687,0160,12:00:00,12:10:00,5,4,0
2688,0160,12:10:00,12:20:00,6,0,6
2689,0160,12:20:00,12:30:00,4,2,8
2690,0160,12:30:00,12:40:00,2,3,0
2691,0160,12:40:00,12:50:00,10,0,10
2692,0160,12:50:00,13:00:00,1,3,8
2693,0160,13:00:00,13:10:00,2,6,0
2694,0160,13:10:00,13:20:00,5,1,4
2695,0160,13:20:00,13:30:00,2,5,1
2696,0160,13:30:00,13:40:00,0,1,0
2697,0160,13:40:00,13:50:00,2,0,2
2698,0160,13:50:00,14:00:00,1,1,2
2699,0161,14:00:00,14:10:00,4,0,0
2700,0161,14:10:00,14:20:00,0,0,0
2701,0161,14:20:00,14:30:00,3,0,3
2702,0161,14:30:00,14:40:00,7,3,1
2703,0161,14:40:00,14:50:00,8,1,8
2704,0161,14:50:00,15:00:00,5,0,13
2705,0161,15:00:00,15:10:00,7,1,13
2706,0161,15:10:00,15:20:00,0,3,10
2707,0161,15:20:00,15:30:00,6,4,12
2708,0161,15:30:00,15:40:00,2,0,9
2709,0161,15:40:00,15:50:00,4,4,9
2710,0161,15:50:00,16:00:00,5,3,11
2711,0161,16:00:00,16:10:00,3,3,1
2712,0161,16:10:00,16:20:00,1,1,1
2713,0161,16:20:00,16:30:00,1,2,0
2714,0162,08:00:00,08:10:00,6,0,0
2715,0162,08:10:00,08:20:00,2,0,2
2716,0162,08:20:00,08:30:00,4,1,1
2717,0162,08:30:00,08:40:00,4,2,3
2718,0162,08:40:00,08:50:00,7,0,1
2719,0162,08:50:00,09:00:00,7,0,8
2720,0162,09:00:00,09:10:00,7,3,9
2721,0162,09:10:00,09:20:00,7,1,15
2722,0162,09:20:00,09:30:00,4,4,2
2723,0162,09:30:00,09:40:00,3,0,5
2724,0162,09:40:00,09:50:00,3,0,3
2725,0162,09:50:00,10:00:00,1,0,4
2726,0162,10:00:00,10:10:00,11,1,11
2727,0162,10:10:00,10:20:00,2,6,7
2728,0162,10:20:00,10:30:00,4,7,4
2729,0162,10:30:00,10:40:00,2,1,0
2730,0162,10:40:00,10:50:00,4,0,4
2731,0162,10:50:00,11:00:00,15,0,19
2732,0163,08:00:00,08:10:00,5,0,0
2733,0163,08:10:00,08:20:00,30,1,29
2734,0163,08:20:00,08:30:00,24,0,1
2735,0163,08:30:00,08:40:00,6,0,7
2736,0163,08:40:00,08:50:00,84,1,15
2737,0163,08:50:00,09:00:00,63,1,77
2738,0163,09:00:00,09:10:00,58,1,57
2739,0163,09:10:00,09:20:00,29,1,85
2740,0163,09:20:00,09:30:00,32,0,11
2741,0163,09:30:00,09:40:00,32,0,43
2742,0163,09:40:00,09:50:00,29,0,3
2743,0163,09:50:00,10:00:00,27,0,30
2744,0163,10:00:00,10:10:00,24,0,1
2745,0163,10:10:00,10:20:00,26,0,27
2746,0163,10:20:00,10:30:00,20,1,46
2747,0163,10:30:00,10:40:00,32,0,1
2748,0163,10:40:00,10:50:00,44,0,45
2749,0163,10:50:00,11:00:00,64,0,109
2750,0164,11:00:00,11:10:00,1,0,0
2751,0164,11:10:00,11:20:00,4,4,0
2752,0164,11:20:00,11:30:00,5,0,5
2753,0164,11:30:00,11:40:00,1,2,0
2754,0164,11:40:00,11:50:00,3,1,2
2755,0164,11:50:00,12:00:00,4,0,6
2756,0164,12:00:00,12:10:00,0,0,0
2757,0164,12:10:00,12:20:00,3,0,3
2758,0164,12:20:00,12:30:00,3,0,6
2759,0164,12:30:00,12:40:00,0,2,1
2760,0164,12:40:00,12:50:00,3,0,4
2761,0164,12:50:00,13:00:00,4,3,5
2762,0164,13:00:00,13:10:00,4,2,1
2763,0164,13:10:00,13:20:00,0,1,0
2764,0164,13:20:00,13:30:00,1,0,1
2765,0164,13:30:00,13:40:00,3,0,0
2766,0164,13:40:00,13:50:00,1,0,1
2767,0164,13:50:00,14:00:00,6,0,7
2768,0165,14:00:00,14:10:00,7,1,1
2769,0165,14:10:00,14:20:00,0,1,0
2770,0165,14:20:00,14:30:00,0,0,0
2771,0165,14:30:00,14:40:00,6,1,1
2772,0165,14:40:00,14:50:00,4,0,5
2773,0165,14:50:00,15:00:00,15,0,20
2774,0165,15:00:00,15:10:00,13,2,4
2775,0165,15:10:00,15:20:00,3,0,7
2776,0165,15:20:00,15:30:00,11,1,17
2777,0165,15:30:00,15:40:00,1,2,1
2778,0165,15:40:00,15:50:00,5,3,3
2779,0165,15:50:00,16:00:00,9,1,11
2780,0165,16:00:00,16:10:00,2,3,1
2781,0165,16:10:00,16:20:00,5,0,6
2782,0165,16:20:00,16:30:00,2,2,6
2783,0166,14:00:00,14:10:00,28,1,0
2784,0166,14:10:00,14:20:00,24,0,24
2785,0166,14:20:00,14:30:00,21,0,45
2786,0166,14:30:00,14:40:00,32,2,0
2787,0166,14:40:00,14:50:00,43,0,43
2788,0166,14:50:00,15:00:00,64,2,105
2789,0166,15:00:00,15:10:00,51,0,2
2790,0166,15:10:00,15:20:00,30,0,32
2791,0166,15:20:00,15:30:00,23,0,55
2792,0166,15:30:00,15:40:00,26,0,2
2793,0166,15:40:00,15:50:00,28,4,26
2794,0166,15:50:00,16:00:00,27,0,53
2795,0166,16:00:00,16:10:00,18,2,1
2796,0166,16:10:00,16:20:00,15,0,16
2797,0166,16:20:00,16:30:00,16,1,31
2798,0167,11:00:00,11:10:00,3,1,2
2799,0167,11:10:00,11:20:00,0,0,2
2800,0167,11:20:00,11:30:00,0,0,2
2801,0167,11:30:00,11:40:00,1,0,3
2802,0167,11:40:00,11:50:00,0,0,3
2803,0167,11:50:00,12:00:00,0,1,2
2804,0167,12:00:00,12:10:00,3,0,5
2805,0167,12:10:00,12:20:00,4,0,9
2806,0167,12:20:00,12:30:00,1,0,10
2807,0167,12:30:00,12:40:00,0,1,9
2808,0167,12:40:00,12:50:00,0,0,9
2809,0167,12:50:00,13:00:00,0,1,8
2810,0167,13:00:00,13:10:00,1,0,9
2811,0167,13:10:00,13:20:00,0,3,6
2812,0167,13:20:00,13:30:00,4,0,10
2813,0167,13:30:00,13:40:00,0,3,7
2814,0167,13:40:00,13:50:00,3,0,10
2815,0167,13:50:00,14:00:00,0,2,8
2816,0168,08:00:00,08:10:00,0,0,0
2817,0168,08:10:00,08:20:00,25,0,25
2818,0168,08:20:00,08:30:00,27,0,2
2819,0168,08:30:00,08:40:00,7,0,9
2820,0168,08:40:00,08:50:00,94,0,4
2821,0168,08:50:00,09:00:00,58,0,62
2822,0168,09:00:00,09:10:00,54,1,37
2823,0168,09:10:00,09:20:00,24,0,61
2824,0168,09:20:00,09:30:00,29,1,4
2825,0168,09:30:00,09:40:00,26,0,30
2826,0168,09:40:00,09:50:00,29,0,1
2827,0168,09:50:00,10:00:00,29,0,30
2828,0168,10:00:00,10:10:00,24,2,2
2829,0168,10:10:00,10:20:00,28,0,30
2830,0168,10:20:00,10:30:00,30,1,59
2831,0168,10:30:00,10:40:00,28,4,2
2832,0168,10:40:00,10:50:00,36,0,38
2833,0168,10:50:00,11:00:00,61,0,99
2834,0169,11:00:00,11:10:00,9,0,4
2835,0169,11:10:00,11:20:00,4,0,8
2836,0169,11:20:00,11:30:00,2,5,5
2837,0169,11:30:00,11:40:00,7,0,3
2838,0169,11:40:00,11:50:00,7,0,10
2839,0169,11:50:00,12:00:00,2,4,8
2840,0169,12:00:00,12:10:00,0,0,6
2841,0169,12:10:00,12:20:00,6,1,11
2842,0169,12:20:00,12:30:00,5,1,15
2843,0169,12:30:00,12:40:00,4,6,0
2844,0169,12:40:00,12:50:00,5,0,5
2845,0169,12:50:00,13:00:00,9,0,14
2846,0169,13:00:00,13:10:00,2,3,8
2847,0169,13:10:00,13:20:00,5,0,13
2848,0169,13:20:00,13:30:00,5,3,15
2849,0169,13:30:00,13:40:00,4,0,16
2850,0169,13:40:00,13:50:00,0,10,6
2851,0169,13:50:00,14:00:00,8,7,7
2852,0170,08:00:00,08:10:00,4,2,2
2853,0170,08:10:00,08:20:00,0,0,2
2854,0170,08:20:00,08:30:00,6,0,1
2855,0170,08:30:00,08:40:00,4,1,4
2856,0170,08:40:00,08:50:00,1,0,0
2857,0170,08:50:00,09:00:00,8,0,8
2858,0170,09:00:00,09:10:00,11,3,3
2859,0170,09:10:00,09:20:00,4,2,5
2860,0170,09:20:00,09:30:00,9,5,9
2861,0170,09:30:00,09:40:00,5,1,13
2862,0170,09:40:00,09:50:00,4,3,9
2863,0170,09:50:00,10:00:00,0,1,8
2864,0170,10:00:00,10:10:00,0,4,0
2865,0170,10:10:00,10:20:00,7,0,7
2866,0170,10:20:00,10:30:00,1,3,5
2867,0170,10:30:00,10:40:00,4,0,1
2868,0170,10:40:00,10:50:00,7,1,7
2869,0170,10:50:00,11:00:00,7,3,11
2870,0171,14:00:00,14:10:00,6,0,1
2871,0171,14:10:00,14:20:00,6,0,7
2872,0171,14:20:00,14:30:00,1,0,8
2873,0171,14:30:00,14:40:00,7,2,1
2874,0171,14:40:00,14:50:00,9,1,9
2875,0171,14:50:00,15:00:00,6,1,14
2876,0171,15:00:00,15:10:00,10,2,3
2877,0171,15:10:00,15:20:00,0,3,0
2878,0171,15:20:00,15:30:00,0,0,0
2879,0171,15:30:00,15:40:00,1,1,0
2880,0171,15:40:00,15:50:00,5,0,5
2881,0171,15:50:00,16:00:00,2,0,7
2882,0171,16:00:00,16:10:00,0,0,0
2883,0171,16:10:00,16:20:00,3,0,3
2884,0171,16:20:00,16:30:00,6,2,7
2885,0172,14:00:00,14:10:00,30,0,1
2886,0172,14:10:00,14:20:00,24,0,25
2887,0172,14:20:00,14:30:00,27,0,52
2888,0172,14:30:00,14:40:00,26,2,0
2889,0172,14:40:00,14:50:00,42,0,42
2890,0172,14:50:00,15:00:00,64,0,106
2891,0172,15:00:00,15:10:00,50,0,1
2892,0172,15:10:00,15:20:00,21,2,20
2893,0172,15:20:00,15:30:00,26,0,46
2894,0172,15:30:00,15:40:00,26,0,3
2895,0172,15:40:00,15:50:00,29,0,32
2896,0172,15:50:00,16:00:00,33,1,64
2897,0172,16:00:00,16:10:00,17,0,0
2898,0172,16:10:00,16:20:00,20,0,20
2899,0172,16:20:00,16:30:00,17,0,37
2900,0173,08:00:00,08:10:00,1,1,0
2901,0173,08:10:00,08:20:00,7,0,7
2902,0173,08:20:00,08:30:00,0,2,5
2903,0173,08:30:00,08:40:00,3,0,8
2904,0173,08:40:00,08:50:00,11,0,11
2905,0173,08:50:00,09:00:00,3,2,12
2906,0173,09:00:00,09:10:00,0,0,11
2907,0173,09:10:00,09:20:00,0,2,9
2908,0173,09:20:00,09:30:00,2,2,1
2909,0173,09:30:00,09:40:00,2,0,3
2910,0173,09:40:00,09:50:00,0,0,0
2911,0173,09:50:00,10:00:00,0,0,0
2912,0173,10:00:00,10:10:00,2,0,0
2913,0173,10:10:00,10:20:00,4,0,4
2914,0173,10:20:00,10:30:00,10,0,14
2915,0173,10:30:00,10:40:00,2,4,7
2916,0173,10:40:00,10:50:00,0,0,7
2917,0173,10:50:00,11:00:00,4,1,10
2918,0174,14:00:00,14:10:00,0,0,0
2919,0174,14:10:00,14:20:00,2,0,2
2920,0174,14:20:00,14:30:00,2,1,3
2921,0174,14:30:00,14:40:00,4,0,7
2922,0174,14:40:00,14:50:00,8,0,15
2923,0174,14:50:00,15:00:00,3,2,16
2924,0174,15:00:00,15:10:00,7,6,9
2925,0174,15:10:00,15:20:00,3,5,7
2926,0174,15:20:00,15:30:00,5,1,11
2927,0174,15:30:00,15:40:00,10,3,2
2928,0174,15:40:00,15:50:00,2,0,4
2929,0174,15:50:00,16:00:00,7,2,9
2930,0174,16:00:00,16:10:00,0,2,1
2931,0174,16:10:00,16:20:00,5,1,5
2932,0174,16:20:00,16:30:00,1,3,3
2933,0175,14:00:00,14:10:00,8,1,1
2934,0175,14:10:00,14:20:00,0,1,0
2935,0175,14:20:00,14:30:00,4,0,4
2936,0175,14:30:00,14:40:00,1,2,0
2937,0175,14:40:00,14:50:00,1,0,1
2938,0175,14:50:00,15:00:00,0,1,0
2939,0175,15:00:00,15:10:00,8,0,1
2940,0175,15:10:00,15:20:00,2,1,2
2941,0175,15:20:00,15:30:00,0,2,0
2942,0175,15:30:00,15:40:00,0,0,0
2943,0175,15:40:00,15:50:00,6,2,4
2944,0175,15:50:00,16:00:00,3,7,0
2945,0175,16:00:00,16:10:00,1,1,0
2946,0175,16:10:00,16:20:00,0,0,0
2947,0175,16:20:00,16:30:00,3,3,0
2948,0176,11:00:00,11:10:00,0,0,0
2949,0176,11:10:00,11:20:00,8,0,8
2950,0176,11:20:00,11:30:00,1,0,9
2951,0176,11:30:00,11:40:00,0,0,9
2952,0176,11:40:00,11:50:00,0,1,8
2953,0176,11:50:00,12:00:00,3,0,11
2954,0176,12:00:00,12:10:00,2,0,13
2955,0176,12:10:00,12:20:00,4,2,15
2956,0176,12:20:00,12:30:00,0,0,15
2957,0176,12:30:00,12:40:00,0,0,15
2958,0176,12:40:00,12:50:00,0,0,15
2959,0176,12:50:00,13:00:00,4,1,18
2960,0176,13:00:00,13:10:00,1,0,19
2961,0176,13:10:00,13:20:00,1,1,19
2962,0176,13:20:00,13:30:00,4,0,23
2963,0176,13:30:00,13:40:00,1,0,24
2964,0176,13:40:00,13:50:00,0,0,24
2965,0176,13:50:00,14:00:00,1,0,25
2966,0177,08:00:00,08:10:00,3,0,0
2967,0177,08:10:00,08:20:00,8,1,7
2968,0177,08:20:00,08:30:00,0,5,2
2969,0177,08:30:00,08:40:00,6,0,8
2970,0177,08:40:00,08:50:00,7,2,1
2971,0177,08:50:00,09:00:00,10,0,11
2972,0177,09:00:00,09:10:00,6,1,6
2973,0177,09:10:00,09:20:00,8,1,13
2974,0177,09:20:00,09:30:00,4,0,14
2975,0177,09:30:00,09:40:00,1,3,12
2976,0177,09:40:00,09:50:00,4,5,1
2977,0177,09:50:00,10:00:00,9,0,10
2978,0177,10:00:00,10:10:00,8,0,14
2979,0177,10:10:00,10:20:00,6,3,17
2980,0177,10:20:00,10:30:00,0,4,13
2981,0177,10:30:00,10:40:00,2,3,1
2982,0177,10:40:00,10:50:00,5,0,6
2983,0177,10:50:00,11:00:00,2,1,7
2984,0178,08:00:00,08:10:00,0,0,0
2985,0178,08:10:00,08:20:00,0,0,0
2986,0178,08:20:00,08:30:00,2,0,2
2987,0178,08:30:00,08:40:00,0,0,2
2988,0178,08:40:00,08:50:00,5,0,7
2989,0178,08:50:00,09:00:00,0,2,5
2990,0178,09:00:00,09:10:00,3,0,8
2991,0178,09:10:00,09:20:00,0,2,6
2992,0178,09:20:00,09:30:00,0,0,6
2993,0178,09:30:00,09:40:00,0,1,5
2994,0178,09:40:00,09:50:00,5,0,10
2995,0178,09:50:00,10:00:00,0,1,9
2996,0178,10:00:00,10:10:00,0,0,9
2997,0178,10:10:00,10:20:00,0,0,9
2998,0178,10:20:00,10:30:00,2,0,11
2999,0178,10:30:00,10:40:00,1,2,10
3000,0178,10:40:00,10:50:00,1,0,11
3001,0178,10:50:00,11:00:00,5,0,16
3002,0179,11:00:00,11:10:00,44,0,40
3003,0179,11:10:00,11:20:00,0,7,33
3004,0179,11:20:00,11:30:00,4,5,32
3005,0179,11:30:00,11:40:00,0,2,30
3006,0179,11:40:00,11:50:00,1,2,29
3007,0179,11:50:00,12:00:00,3,8,24
3008,0179,12:00:00,12:10:00,4,2,14
3009,0179,12:10:00,12:20:00,2,4,12
3010,0179,12:20:00,12:30:00,8,6,14
3011,0179,12:30:00,12:40:00,4,1,11
3012,0179,12:40:00,12:50:00,1,4,8
3013,0179,12:50:00,13:00:00,8,5,11
3014,0179,13:00:00,13:10:00,2,5,1
3015,0179,13:10:00,13:20:00,0,1,0
3016,0179,13:20:00,13:30:00,2,0,2
3017,0179,13:30:00,13:40:00,2,3,0
3018,0179,13:40:00,13:50:00,0,0,0
3019,0179,13:50:00,14:00:00,6,4,2
3020,0180,11:00:00,11:10:00,4,0,0
3021,0180,11:10:00,11:20:00,5,0,5
3022,0180,11:20:00,11:30:00,0,0,5
3023,0180,11:30:00,11:40:00,7,1,1
3024,0180,11:40:00,11:50:00,0,1,0
3025,0180,11:50:00,12:00:00,8,0,8
3026,0180,12:00:00,12:10:00,3,0,1
3027,0180,12:10:00,12:20:00,2,0,3
3028,0180,12:20:00,12:30:00,0,0,3
3029,0180,12:30:00,12:40:00,2,0,1
3030,0180,12:40:00,12:50:00,0,1,0
3031,0180,12:50:00,13:00:00,6,0,6
3032,0180,13:00:00,13:10:00,3,0,0
3033,0180,13:10:00,13:20:00,0,0,0
3034,0180,13:20:00,13:30:00,4,0,4
3035,0180,13:30:00,13:40:00,3,0,1
3036,0180,13:40:00,13:50:00,8,2,7
3037,0180,13:50:00,14:00:00,3,1,9
3038,0181,14:00:00,14:10:00,1,0,1
3039,0181,14:10:00,14:20:00,0,0,1
3040,0181,14:20:00,14:30:00,0,1,0
3041,0181,14:30:00,14:40:00,1,0,1
3042,0181,14:40:00,14:50:00,5,1,5
3043,0181,14:50:00,15:00:00,0,3,2
3044,0181,15:00:00,15:10:00,9,0,11
3045,0181,15:10:00,15:20:00,2,0,13
3046,0181,15:20:00,15:30:00,4,0,17
3047,0181,15:30:00,15:40:00,2,0,19
3048,0181,15:40:00,15:50:00,0,0,19
3049,0181,15:50:00,16:00:00,0,0,19
3050,0181,16:00:00,16:10:00,2,2,19
3051,0181,16:10:00,16:20:00,0,0,19
3052,0181,16:20:00,16:30:00,2,0,21
3053,0182,08:00:00,08:10:00,0,0,0
3054,0182,08:10:00,08:20:00,2,0,2
3055,0182,08:20:00,08:30:00,3,3,0
3056,0182,08:30:00,08:40:00,9,0,9
3057,0182,08:40:00,08:50:00,12,7,3
3058,0182,08:50:00,09:00:00,9,3,9
3059,0182,09:00:00,09:10:00,5,5,1
3060,0182,09:10:00,09:20:00,4,1,4
3061,0182,09:20:00,09:30:00,3,1,1
3062,0182,09:30:00,09:40:00,3,2,2
3063,0182,09:40:00,09:50:00,5,4,3
3064,0182,09:50:00,10:00:00,4,3,4
3065,0182,10:00:00,10:10:00,0,4,0
3066,0182,10:10:00,10:20:00,1,0,1
3067,0182,10:20:00,10:30:00,5,6,0
3068,0182,10:30:00,10:40:00,9,0,1
3069,0182,10:40:00,10:50:00,6,1,6
3070,0182,10:50:00,11:00:00,5,3,8
3071,0183,14:00:00,14:10:00,2,2,0
3072,0183,14:10:00,14:20:00,0,0,0
3073,0183,14:20:00,14:30:00,0,0,0
3074,0183,14:30:00,14:40:00,0,0,0
3075,0183,14:40:00,14:50:00,1,0,1
3076,0183,14:50:00,15:00:00,5,1,5
3077,0183,15:00:00,15:10:00,0,1,4
3078,0183,15:10:00,15:20:00,0,0,4
3079,0183,15:20:00,15:30:00,1,1,4
3080,0183,15:30:00,15:40:00,0,3,1
3081,0183,15:40:00,15:50:00,2,0,3
3082,0183,15:50:00,16:00:00,3,4,2
3083,0183,16:00:00,16:10:00,0,1,1
3084,0183,16:10:00,16:20:00,2,2,1
3085,0183,16:20:00,16:30:00,1,2,0
3086,0184,08:00:00,08:10:00,3,0,2
3087,0184,08:10:00,08:20:00,8,1,9
3088,0184,08:20:00,08:30:00,6,4,0
3089,0184,08:30:00,08:40:00,9,4,5
3090,0184,08:40:00,08:50:00,17,2,18
3091,0184,08:50:00,09:00:00,14,7,25
3092,0184,09:00:00,09:10:00,17,10,17
3093,0184,09:10:00,09:20:00,0,8,9
3094,0184,09:20:00,09:30:00,4,3,0
3095,0184,09:30:00,09:40:00,8,0,8
3096,0184,09:40:00,09:50:00,2,3,0
3097,0184,09:50:00,10:00:00,4,0,4
3098,0184,10:00:00,10:10:00,2,3,0
3099,0184,10:10:00,10:20:00,9,0,9
3100,0184,10:20:00,10:30:00,3,1,11
3101,0184,10:30:00,10:40:00,7,2,5
3102,0184,10:40:00,10:50:00,2,1,6
3103,0184,10:50:00,11:00:00,11,0,17
3104,0185,08:00:00,08:10:00,2,0,0
3105,0185,08:10:00,08:20:00,1,0,1
3106,0185,08:20:00,08:30:00,0,0,0
3107,0185,08:30:00,08:40:00,7,0,7
3108,0185,08:40:00,08:50:00,5,1,2
3109,0185,08:50:00,09:00:00,1,2,1
3110,0185,09:00:00,09:10:00,13,1,1
3111,0185,09:10:00,09:20:00,4,0,5
3112,0185,09:20:00,09:30:00,8,0,1
3113,0185,09:30:00,09:40:00,3,0,4
3114,0185,09:40:00,09:50:00,2,0,0
3115,0185,09:50:00,10:00:00,1,0,1
3116,0185,10:00:00,10:10:00,4,0,1
3117,0185,10:10:00,10:20:00,1,1,1
3118,0185,10:20:00,10:30:00,2,0,3
3119,0185,10:30:00,10:40:00,5,1,0
3120,0185,10:40:00,10:50:00,3,0,3
3121,0185,10:50:00,11:00:00,6,5,4
3122,0186,08:00:00,08:10:00,4,0,4
3123,0186,08:10:00,08:20:00,4,2,6
3124,0186,08:20:00,08:30:00,6,1,1
3125,0186,08:30:00,08:40:00,0,0,1
3126,0186,08:40:00,08:50:00,3,0,1
3127,0186,08:50:00,09:00:00,2,1,2
3128,0186,09:00:00,09:10:00,3,0,5
3129,0186,09:10:00,09:20:00,0,2,3
3130,0186,09:20:00,09:30:00,7,2,1
3131,0186,09:30:00,09:40:00,10,0,11
3132,0186,09:40:00,09:50:00,6,0,14
3133,0186,09:50:00,10:00:00,4,6,12
3134,0186,10:00:00,10:10:00,6,0,12
3135,0186,10:10:00,10:20:00,1,4,9
3136,0186,10:20:00,10:30:00,2,0,11
3137,0186,10:30:00,10:40:00,5,3,11
3138,0186,10:40:00,10:50:00,7,1,17
3139,0186,10:50:00,11:00:00,14,3,28
3140,0187,14:00:00,14:10:00,6,0,1
3141,0187,14:10:00,14:20:00,12,0,13
3142,0187,14:20:00,14:30:00,6,3,16
3143,0187,14:30:00,14:40:00,3,3,16
3144,0187,14:40:00,14:50:00,11,1,26
3145,0187,14:50:00,15:00:00,12,10,28
3146,0187,15:00:00,15:10:00,7,12,3
3147,0187,15:10:00,15:20:00,7,0,10
3148,0187,15:20:00,15:30:00,9,1,18
3149,0187,15:30:00,15:40:00,8,7,9
3150,0187,15:40:00,15:50:00,3,0,12
3151,0187,15:50:00,16:00:00,13,2,23
3152,0187,16:00:00,16:10:00,2,9,1
3153,0187,16:10:00,16:20:00,9,0,10
3154,0187,16:20:00,16:30:00,5,0,15
3155,0188,08:00:00,08:10:00,3,0,0
3156,0188,08:10:00,08:20:00,0,0,0
3157,0188,08:20:00,08:30:00,6,0,3
3158,0188,08:30:00,08:40:00,2,1,4
3159,0188,08:40:00,08:50:00,6,4,0
3160,0188,08:50:00,09:00:00,2,0,2
3161,0188,09:00:00,09:10:00,10,0,9
3162,0188,09:10:00,09:20:00,3,0,12
3163,0188,09:20:00,09:30:00,2,8,1
3164,0188,09:30:00,09:40:00,2,0,3
3165,0188,09:40:00,09:50:00,0,1,0
3166,0188,09:50:00,10:00:00,0,0,0
3167,0188,10:00:00,10:10:00,7,0,1
3168,0188,10:10:00,10:20:00,3,0,4
3169,0188,10:20:00,10:30:00,4,0,8
3170,0188,10:30:00,10:40:00,2,0,1
3171,0188,10:40:00,10:50:00,6,0,7
3172,0188,10:50:00,11:00:00,3,0,10
3173,0189,08:00:00,08:10:00,5,0,1
3174,0189,08:10:00,08:20:00,4,1,4
3175,0189,08:20:00,08:30:00,5,3,1
3176,0189,08:30:00,08:40:00,5,2,4
3177,0189,08:40:00,08:50:00,14,4,2
3178,0189,08:50:00,09:00:00,8,4,6
3179,0189,09:00:00,09:10:00,9,6,1
3180,0189,09:10:00,09:20:00,0,1,0
3181,0189,09:20:00,09:30:00,1,1,0
3182,0189,09:30:00,09:40:00,5,0,5
3183,0189,09:40:00,09:50:00,0,2,0
3184,0189,09:50:00,10:00:00,0,0,0
3185,0189,10:00:00,10:10:00,5,0,0
3186,0189,10:10:00,10:20:00,0,0,0
3187,0189,10:20:00,10:30:00,1,0,1
3188,0189,10:30:00,10:40:00,0,0,0
3189,0189,10:40:00,10:50:00,6,0,6
3190,0189,10:50:00,11:00:00,7,4,9
3191,0190,11:00:00,11:10:00,23,0,7
3192,0190,11:10:00,11:20:00,7,0,14
3193,0190,11:20:00,11:30:00,4,5,13
3194,0190,11:30:00,11:40:00,6,4,13
3195,0190,11:40:00,11:50:00,6,2,17
3196,0190,11:50:00,12:00:00,2,5,14
3197,0190,12:00:00,12:10:00,6,3,9
3198,0190,12:10:00,12:20:00,0,4,5
3199,0190,12:20:00,12:30:00,5,1,9
3200,0190,12:30:00,12:40:00,2,0,1
3201,0190,12:40:00,12:50:00,0,1,0
3202,0190,12:50:00,13:00:00,7,0,7
3203,0190,13:00:00,13:10:00,2,0,1
3204,0190,13:10:00,13:20:00,5,0,6
3205,0190,13:20:00,13:30:00,4,1,9
3206,0190,13:30:00,13:40:00,11,0,20
3207,0190,13:40:00,13:50:00,7,5,22
3208,0190,13:50:00,14:00:00,10,7,25
3209,0191,11:00:00,11:10:00,1,0,0
3210,0191,11:10:00,11:20:00,0,0,0
3211,0191,11:20:00,11:30:00,3,1,2
3212,0191,11:30:00,11:40:00,3,0,1
3213,0191,11:40:00,11:50:00,0,0,1
3214,0191,11:50:00,12:00:00,1,1,1
3215,0191,12:00:00,12:10:00,5,1,1
3216,0191,12:10:00,12:20:00,4,3,2
3217,0191,12:20:00,12:30:00,4,1,5
3218,0191,12:30:00,12:40:00,0,2,0
3219,0191,12:40:00,12:50:00,1,0,1
3220,0191,12:50:00,13:00:00,0,0,1
3221,0191,13:00:00,13:10:00,7,0,1
3222,0191,13:10:00,13:20:00,1,2,0
3223,0191,13:20:00,13:30:00,1,1,0
3224,0191,13:30:00,13:40:00,7,4,0
3225,0191,13:40:00,13:50:00,6,3,3
3226,0191,13:50:00,14:00:00,3,0,6
3227,0192,08:00:00,08:10:00,5,0,1
3228,0192,08:10:00,08:20:00,7,0,8
3229,0192,08:20:00,08:30:00,0,5,0
3230,0192,08:30:00,08:40:00,7,0,7
3231,0192,08:40:00,08:50:00,7,3,2
3232,0192,08:50:00,09:00:00,5,0,7
3233,0192,09:00:00,09:10:00,3,0,1
3234,0192,09:10:00,09:20:00,0,1,0
3235,0192,09:20:00,09:30:00,3,1,0
3236,0192,09:30:00,09:40:00,2,0,2
3237,0192,09:40:00,09:50:00,3,0,1
3238,0192,09:50:00,10:00:00,1,1,1
3239,0192,10:00:00,10:10:00,4,2,0
3240,0192,10:10:00,10:20:00,4,1,3
3241,0192,10:20:00,10:30:00,8,0,11
3242,0192,10:30:00,10:40:00,0,4,1
3243,0192,10:40:00,10:50:00,5,0,6
3244,0192,10:50:00,11:00:00,6,0,12
3245,0193,14:00:00,14:10:00,0,0,0
3246,0193,14:10:00,14:20:00,4,0,4
3247,0193,14:20:00,14:30:00,0,0,4
3248,0193,14:30:00,14:40:00,6,0,4
3249,0193,14:40:00,14:50:00,2,1,5
3250,0193,14:50:00,15:00:00,7,1,11
3251,0193,15:00:00,15:10:00,4,2,2
3252,0193,15:10:00,15:20:00,2,3,1
3253,0193,15:20:00,15:30:00,4,0,5
3254,0193,15:30:00,15:40:00,0,4,1
3255,0193,15:40:00,15:50:00,5,0,6
3256,0193,15:50:00,16:00:00,1,0,7
3257,0193,16:00:00,16:10:00,0,1,1
3258,0193,16:10:00,16:20:00,0,1,0
3259,0193,16:20:00,16:30:00,0,0,0
3260,0194,08:00:00,08:10:00,6,2,0
3261,0194,08:10:00,08:20:00,4,0,4
3262,0194,08:20:00,08:30:00,0,2,0
3263,0194,08:30:00,08:40:00,5,0,5
3264,0194,08:40:00,08:50:00,3,0,1
3265,0194,08:50:00,09:00:00,11,0,12
3266,0194,09:00:00,09:10:00,14,6,10
3267,0194,09:10:00,09:20:00,1,1,10
3268,0194,09:20:00,09:30:00,3,3,5
3269,0194,09:30:00,09:40:00,7,2,10
3270,0194,09:40:00,09:50:00,2,6,1
3271,0194,09:50:00,10:00:00,1,1,1
3272,0194,10:00:00,10:10:00,2,2,0
3273,0194,10:10:00,10:20:00,1,0,1
3274,0194,10:20:00,10:30:00,7,0,8
3275,0194,10:30:00,10:40:00,5,3,10
3276,0194,10:40:00,10:50:00,2,6,6
3277,0194,10:50:00,11:00:00,6,0,12
3278,0195,08:00:00,08:10:00,1,1,0
3279,0195,08:10:00,08:20:00,0,0,0
3280,0195,08:20:00,08:30:00,4,0,0
3281,0195,08:30:00,08:40:00,8,0,8
3282,0195,08:40:00,08:50:00,3,5,1
3283,0195,08:50:00,09:00:00,12,1,12
3284,0195,09:00:00,09:10:00,7,9,1
3285,0195,09:10:00,09:20:00,12,3,10
3286,0195,09:20:00,09:30:00,5,2,2
3287,0195,09:30:00,09:40:00,3,3,2
3288,0195,09:40:00,09:50:00,3,0,1
3289,0195,09:50:00,10:00:00,0,0,1
3290,0195,10:00:00,10:10:00,0,0,0
3291,0195,10:10:00,10:20:00,0,0,0
3292,0195,10:20:00,10:30:00,0,0,0
3293,0195,10:30:00,10:40:00,3,1,0
3294,0195,10:40:00,10:50:00,0,0,0
3295,0195,10:50:00,11:00:00,0,0,0
3296,0196,11:00:00,11:10:00,54,0,1
3297,0196,11:10:00,11:20:00,25,0,26
3298,0196,11:20:00,11:30:00,29,2,53
3299,0196,11:30:00,11:40:00,29,0,1
3300,0196,11:40:00,11:50:00,27,3,25
3301,0196,11:50:00,12:00:00,27,0,52
3302,0196,12:00:00,12:10:00,11,0,2
3303,0196,12:10:00,12:20:00,14,0,16
3304,0196,12:20:00,12:30:00,21,2,35
3305,0196,12:30:00,12:40:00,15,1,1
3306,0196,12:40:00,12:50:00,20,0,21
3307,0196,12:50:00,13:00:00,37,1,57
3308,0196,13:00:00,13:10:00,27,3,1
3309,0196,13:10:00,13:20:00,18,0,19
3310,0196,13:20:00,13:30:00,14,0,33
3311,0196,13:30:00,13:40:00,31,3,1
3312,0196,13:40:00,13:50:00,31,2,30
3313,0196,13:50:00,14:00:00,29,1,58
3314,0197,14:00:00,14:10:00,6,0,1
3315,0197,14:10:00,14:20:00,2,0,3
3316,0197,14:20:00,14:30:00,2,3,2
3317,0197,14:30:00,14:40:00,6,2,0
3318,0197,14:40:00,14:50:00,3,2,1
3319,0197,14:50:00,15:00:00,4,0,5
3320,0197,15:00:00,15:10:00,9,6,1
3321,0197,15:10:00,15:20:00,3,1,3
3322,0197,15:20:00,15:30:00,0,3,0
3323,0197,15:30:00,15:40:00,2,0,0
3324,0197,15:40:00,15:50:00,2,0,2
3325,0197,15:50:00,16:00:00,3,0,5
3326,0197,16:00:00,16:10:00,2,5,0
3327,0197,16:10:00,16:20:00,1,0,1
3328,0197,16:20:00,16:30:00,5,0,6
3329,0198,11:00:00,11:10:00,2,0,0
3330,0198,11:10:00,11:20:00,0,0,0
3331,0198,11:20:00,11:30:00,8,0,8
3332,0198,11:30:00,11:40:00,6,2,1
3333,0198,11:40:00,11:50:00,4,2,3
3334,0198,11:50:00,12:00:00,2,0,5
3335,0198,12:00:00,12:10:00,3,0,1
3336,0198,12:10:00,12:20:00,0,1,0
3337,0198,12:20:00,12:30:00,0,0,0
3338,0198,12:30:00,12:40:00,5,0,1
3339,0198,12:40:00,12:50:00,1,2,0
3340,0198,12:50:00,13:00:00,5,0,5
3341,0198,13:00:00,13:10:00,7,2,1
3342,0198,13:10:00,13:20:00,0,0,1
3343,0198,13:20:00,13:30:00,0,1,0
3344,0198,13:30:00,13:40:00,5,0,1
3345,0198,13:40:00,13:50:00,0,1,0
3346,0198,13:50:00,14:00:00,0,0,0
3347,0199,08:00:00,08:10:00,4,1,0
3348,0199,08:10:00,08:20:00,1,0,1
3349,0199,08:20:00,08:30:00,5,0,6
3350,0199,08:30:00,08:40:00,8,5,9
3351,0199,08:40:00,08:50:00,4,3,4
3352,0199,08:50:00,09:00:00,4,2,6
3353,0199,09:00:00,09:10:00,8,6,7
3354,0199,09:10:00,09:20:00,2,0,9
3355,0199,09:20:00,09:30:00,1,3,2
3356,0199,09:30:00,09:40:00,3,3,2
3357,0199,09:40:00,09:50:00,0,2,0
3358,0199,09:50:00,10:00:00,6,0,6
3359,0199,10:00:00,10:10:00,3,3,1
3360,0199,10:10:00,10:20:00,5,1,5
3361,0199,10:20:00,10:30:00,2,4,3
3362,0199,10:30:00,10:40:00,7,9,1
3363,0199,10:40:00,10:50:00,5,1,5
3364,0199,10:50:00,11:00:00,11,2,14
3365,0200,14:00:00,14:10:00,7,0,0
3366,0200,14:10:00,14:20:00,10,0,10
3367,0200,14:20:00,14:30:00,0,7,3
3368,0200,14:30:00,14:40:00,6,3,1
3369,0200,14:40:00,14:50:00,0,0,1
3370,0200,14:50:00,15:00:00,0,0,1
3371,0200,15:00:00,15:10:00,3,3,0
3372,0200,15:10:00,15:20:00,2,0,2
3373,0200,15:20:00,15:30:00,7,2,7
3374,0200,15:30:00,15:40:00,1,2,1
3375,0200,15:40:00,15:50:00,4,1,4
3376,0200,15:50:00,16:00:00,2,0,6
3377,0200,16:00:00,16:10:00,0,3,0
3378,0200,16:10:00,16:20:00,0,0,0
3379,0200,16:20:00,16:30:00,0,0,0
3380,0201,08:00:00,08:10:00,1,1,0
3381,0201,08:10:00,08:20:00,0,0,0
3382,0201,08:20:00,08:30:00,10,0,1
3383,0201,08:30:00,08:40:00,9,1,9
3384,0201,08:40:00,08:50:00,6,4,2
3385,0201,08:50:00,09:00:00,7,0,9
3386,0201,09:00:00,09:10:00,8,9,0
3387,0201,09:10:00,09:20:00,15,0,15
3388,0201,09:20:00,09:30:00,0,2,1
3389,0201,09:30:00,09:40:00,0,0,1
3390,0201,09:40:00,09:50:00,0,1,0
3391,0201,09:50:00,10:00:00,0,0,0
3392,0201,10:00:00,10:10:00,3,0,0
3393,0201,10:10:00,10:20:00,6,1,5
3394,0201,10:20:00,10:30:00,5,4,6
3395,0201,10:30:00,10:40:00,2,4,0
3396,0201,10:40:00,10:50:00,0,0,0
3397,0201,10:50:00,11:00:00,4,0,4
3398,0202,11:00:00,11:10:00,11,0,7
3399,0202,11:10:00,11:20:00,3,4,6
3400,0202,11:20:00,11:30:00,3,2,7
3401,0202,11:30:00,11:40:00,4,2,9
3402,0202,11:40:00,11:50:00,3,2,10
3403,0202,11:50:00,12:00:00,1,0,11
3404,0202,12:00:00,12:10:00,1,6,0
3405,0202,12:10:00,12:20:00,0,0,0
3406,0202,12:20:00,12:30:00,1,0,1
3407,0202,12:30:00,12:40:00,4,0,2
3408,0202,12:40:00,12:50:00,1,0,3
3409,0202,12:50:00,13:00:00,12,0,15
3410,0202,13:00:00,13:10:00,4,4,0
3411,0202,13:10:00,13:20:00,4,0,4
3412,0202,13:20:00,13:30:00,3,3,4
3413,0202,13:30:00,13:40:00,6,0,0
3414,0202,13:40:00,13:50:00,8,0,8
3415,0202,13:50:00,14:00:00,6,0,14
3416,0203,08:00:00,08:10:00,1,1,0
3417,0203,08:10:00,08:20:00,7,5,2
3418,0203,08:20:00,08:30:00,0,0,2
3419,0203,08:30:00,08:40:00,0,2,0
3420,0203,08:40:00,08:50:00,4,0,0
3421,0203,08:50:00,09:00:00,12,0,12
3422,0203,09:00:00,09:10:00,6,0,12
3423,0203,09:10:00,09:20:00,11,1,22
3424,0203,09:20:00,09:30:00,8,3,5
3425,0203,09:30:00,09:40:00,6,0,11
3426,0203,09:40:00,09:50:00,8,2,7
3427,0203,09:50:00,10:00:00,5,1,11
3428,0203,10:00:00,10:10:00,6,4,13
3429,0203,10:10:00,10:20:00,3,2,14
3430,0203,10:20:00,10:30:00,5,2,17
3431,0203,10:30:00,10:40:00,3,2,6
3432,0203,10:40:00,10:50:00,8,0,14
3433,0203,10:50:00,11:00:00,17,2,29
3434,0204,08:00:00,08:10:00,2,0,0
3435,0204,08:10:00,08:20:00,26,4,22
3436,0204,08:20:00,08:30:00,26,1,1
3437,0204,08:30:00,08:40:00,7,0,8
3438,0204,08:40:00,08:50:00,87,0,20
3439,0204,08:50:00,09:00:00,61,0,81
3440,0204,09:00:00,09:10:00,55,0,56
3441,0204,09:10:00,09:20:00,25,0,81
3442,0204,09:20:00,09:30:00,29,1,12
3443,0204,09:30:00,09:40:00,28,0,40
3444,0204,09:40:00,09:50:00,25,0,2
3445,0204,09:50:00,10:00:00,35,0,37
3446,0204,10:00:00,10:10:00,30,1,3
3447,0204,10:10:00,10:20:00,30,3,30
3448,0204,10:20:00,10:30:00,28,0,58
3449,0204,10:30:00,10:40:00,29,0,4
3450,0204,10:40:00,10:50:00,40,0,44
3451,0204,10:50:00,11:00:00,64,0,108
3452,0205,08:00:00,08:10:00,13,0,8
3453,0205,08:10:00,08:20:00,0,1,7
3454,0205,08:20:00,08:30:00,6,0,7
3455,0205,08:30:00,08:40:00,8,2,13
3456,0205,08:40:00,08:50:00,0,3,1
3457,0205,08:50:00,09:00:00,12,1,12
3458,0205,09:00:00,09:10:00,10,6,5
3459,0205,09:10:00,09:20:00,1,4,2
3460,0205,09:20:00,09:30:00,9,0,3
3461,0205,09:30:00,09:40:00,8,0,11
3462,0205,09:40:00,09:50:00,2,0,1
3463,0205,09:50:00,10:00:00,3,0,4
3464,0205,10:00:00,10:10:00,7,0,7
3465,0205,10:10:00,10:20:00,5,3,9
3466,0205,10:20:00,10:30:00,6,0,15
3467,0205,10:30:00,10:40:00,7,4,5
3468,0205,10:40:00,10:50:00,11,1,15
3469,0205,10:50:00,11:00:00,14,4,25
3470,0206,08:00:00,08:10:00,4,1,0
3471,0206,08:10:00,08:20:00,31,0,31
3472,0206,08:20:00,08:30:00,32,0,0
3473,0206,08:30:00,08:40:00,5,0,5
3474,0206,08:40:00,08:50:00,86,0,15
3475,0206,08:50:00,09:00:00,66,0,81
3476,0206,09:00:00,09:10:00,58,2,59
3477,0206,09:10:00,09:20:00,24,0,83
3478,0206,09:20:00,09:30:00,27,3,13
3479,0206,09:30:00,09:40:00,27,0,40
3480,0206,09:40:00,09:50:00,32,0,2
3481,0206,09:50:00,10:00:00,27,0,29
3482,0206,10:00:00,10:10:00,28,2,0
3483,0206,10:10:00,10:20:00,27,0,27
3484,0206,10:20:00,10:30:00,26,1,52
3485,0206,10:30:00,10:40:00,27,0,1
3486,0206,10:40:00,10:50:00,35,0,36
3487,0206,10:50:00,11:00:00,60,0,96
3488,0207,14:00:00,14:10:00,5,1,4
3489,0207,14:10:00,14:20:00,1,2,3
3490,0207,14:20:00,14:30:00,0,0,3
3491,0207,14:30:00,14:40:00,0,3,0
3492,0207,14:40:00,14:50:00,0,0,0
3493,0207,14:50:00,15:00:00,0,0,0
3494,0207,15:00:00,15:10:00,1,0,1
3495,0207,15:10:00,15:20:00,3,0,4
3496,0207,15:20:00,15:30:00,0,0,4
3497,0207,15:30:00,15:40:00,0,0,4
3498,0207,15:40:00,15:50:00,4,1,7
3499,0207,15:50:00,16:00:00,3,0,10
3500,0207,16:00:00,16:10:00,5,0,15
3501,0207,16:10:00,16:20:00,3,0,18
3502,0207,16:20:00,16:30:00,0,0,18
3503,0208,11:00:00,11:10:00,4,0,0
3504,0208,11:10:00,11:20:00,4,1,3
3505,0208,11:20:00,11:30:00,4,0,7
3506,0208,11:30:00,11:40:00,5,1,4
3507,0208,11:40:00,11:50:00,4,0,8
3508,0208,11:50:00,12:00:00,0,1,7
3509,0208,12:00:00,12:10:00,0,0,1
3510,0208,12:10:00,12:20:00,0,1,0
3511,0208,12:20:00,12:30:00,0,0,0
3512,0208,12:30:00,12:40:00,0,0,0
3513,0208,12:40:00,12:50:00,3,1,2
3514,0208,12:50:00,13:00:00,0,0,2
3515,0208,13:00:00,13:10:00,1,0,2
3516,0208,13:10:00,13:20:00,5,1,6
3517,0208,13:20:00,13:30:00,5,4,7
3518,0208,13:30:00,13:40:00,2,0,4
3519,0208,13:40:00,13:50:00,4,2,6
3520,0208,13:50:00,14:00:00,0,2,4
3521,0209,14:00:00,14:10:00,0,0,0
3522,0209,14:10:00,14:20:00,3,2,1
3523,0209,14:20:00,14:30:00,2,1,2
3524,0209,14:30:00,14:40:00,7,5,0
3525,0209,14:40:00,14:50:00,12,0,12
3526,0209,14:50:00,15:00:00,5,1,16
3527,0209,15:00:00,15:10:00,9,1,10
3528,0209,15:10:00,15:20:00,4,4,10
3529,0209,15:20:00,15:30:00,3,2,11
3530,0209,15:30:00,15:40:00,0,6,1
3531,0209,15:40:00,15:50:00,4,2,3
3532,0209,15:50:00,16:00:00,3,4,2
3533,0209,16:00:00,16:10:00,6,1,1
3534,0209,16:10:00,16:20:00,0,1,0
3535,0209,16:20:00,16:30:00,0,0,0
3536,0210,08:00:00,08:10:00,2,2,0
3537,0210,08:10:00,08:20:00,4,0,4
3538,0210,08:20:00,08:30:00,2,3,0
3539,0210,08:30:00,08:40:00,1,0,1
3540,0210,08:40:00,08:50:00,4,2,0
3541,0210,08:50:00,09:00:00,9,0,9
3542,0210,09:00:00,09:10:00,8,2,1
3543,0210,09:10:00,09:20:00,3,1,3
3544,0210,09:20:00,09:30:00,0,3,0
3545,0210,09:30:00,09:40:00,4,1,3
3546,0210,09:40:00,09:50:00,0,2,1
3547,0210,09:50:00,10:00:00,2,2,1
3548,0210,10:00:00,10:10:00,1,0,1
3549,0210,10:10:00,10:20:00,0,0,1
3550,0210,10:20:00,10:30:00,2,0,3
3551,0210,10:30:00,10:40:00,0,3,0
3552,0210,10:40:00,10:50:00,4,0,4
3553,0210,10:50:00,11:00:00,6,3,7
3554,0211,11:00:00,11:10:00,0,0,0
3555,0211,11:10:00,11:20:00,7,2,5
3556,0211,11:20:00,11:30:00,0,0,5
3557,0211,11:30:00,11:40:00,0,1,0
3558,0211,11:40:00,11:50:00,2,0,2
3559,0211,11:50:00,12:00:00,3,0,5
3560,0211,12:00:00,12:10:00,5,0,3
3561,0211,12:10:00,12:20:00,0,1,2
3562,0211,12:20:00,12:30:00,3,1,4
3563,0211,12:30:00,12:40:00,9,1,1
3564,0211,12:40:00,12:50:00,4,3,2
3565,0211,12:50:00,13:00:00,4,0,6
3566,0211,13:00:00,13:10:00,0,1,0
3567,0211,13:10:00,13:20:00,0,0,0
3568,0211,13:20:00,13:30:00,1,1,0
3569,0211,13:30:00,13:40:00,6,4,0
3570,0211,13:40:00,13:50:00,4,0,4
3571,0211,13:50:00,14:00:00,0,0,4
3572,0212,08:00:00,08:10:00,3,0,0
3573,0212,08:10:00,08:20:00,3,0,3
3574,0212,08:20:00,08:30:00,0,1,0
3575,0212,08:30:00,08:40:00,3,0,3
3576,0212,08:40:00,08:50:00,1,0,0
3577,0212,08:50:00,09:00:00,5,0,5
3578,0212,09:00:00,09:10:00,3,1,1
3579,0212,09:10:00,09:20:00,1,0,2
3580,0212,09:20:00,09:30:00,0,2,0
3581,0212,09:30:00,09:40:00,3,1,2
3582,0212,09:40:00,09:50:00,6,0,1
3583,0212,09:50:00,10:00:00,7,2,6
3584,0212,10:00:00,10:10:00,8,0,1
3585,0212,10:10:00,10:20:00,8,0,9
3586,0212,10:20:00,10:30:00,4,0,13
3587,0212,10:30:00,10:40:00,0,5,1
3588,0212,10:40:00,10:50:00,6,0,7
3589,0212,10:50:00,11:00:00,2,0,9
3590,0213,11:00:00,11:10:00,7,0,1
3591,0213,11:10:00,11:20:00,0,1,0
3592,0213,11:20:00,11:30:00,0,0,0
3593,0213,11:30:00,11:40:00,0,0,0
3594,0213,11:40:00,11:50:00,0,0,0
3595,0213,11:50:00,12:00:00,0,0,0
3596,0213,12:00:00,12:10:00,5,0,1
3597,0213,12:10:00,12:20:00,0,1,0
3598,0213,12:20:00,12:30:00,4,0,4
3599,0213,12:30:00,12:40:00,1,1,0
3600,0213,12:40:00,12:50:00,0,0,0
3601,0213,12:50:00,13:00:00,0,0,0
3602,0213,13:00:00,13:10:00,5,0,0
3603,0213,13:10:00,13:20:00,0,0,0
3604,0213,13:20:00,13:30:00,0,0,0
3605,0213,13:30:00,13:40:00,0,0,0
3606,0213,13:40:00,13:50:00,1,0,1
3607,0213,13:50:00,14:00:00,2,0,3
3608,0214,08:00:00,08:10:00,1,0,0
3609,0214,08:10:00,08:20:00,5,0,5
3610,0214,08:20:00,08:30:00,4,0,9
3611,0214,08:30:00,08:40:00,1,3,7
3612,0214,08:40:00,08:50:00,1,0,1
3613,0214,08:50:00,09:00:00,17,0,18
3614,0214,09:00:00,09:10:00,8,9,17
3615,0214,09:10:00,09:20:00,9,0,26
3616,0214,09:20:00,09:30:00,2,4,15
3617,0214,09:30:00,09:40:00,0,6,9
3618,0214,09:40:00,09:50:00,6,5,1
3619,0214,09:50:00,10:00:00,0,0,1
3620,0214,10:00:00,10:10:00,3,0,1
3621,0214,10:10:00,10:20:00,4,1,4
3622,0214,10:20:00,10:30:00,3,1,6
3623,0214,10:30:00,10:40:00,0,1,0
3624,0214,10:40:00,10:50:00,2,0,2
3625,0214,10:50:00,11:00:00,9,0,11
3626,0215,08:00:00,08:10:00,3,0,0
3627,0215,08:10:00,08:20:00,8,1,7
3628,0215,08:20:00,08:30:00,0,0,1
3629,0215,08:30:00,08:40:00,5,0,6
3630,0215,08:40:00,08:50:00,0,0,0
3631,0215,08:50:00,09:00:00,3,0,3
3632,0215,09:00:00,09:10:00,3,1,0
3633,0215,09:10:00,09:20:00,6,0,6
3634,0215,09:20:00,09:30:00,8,0,2
3635,0215,09:30:00,09:40:00,7,1,8
3636,0215,09:40:00,09:50:00,5,0,1
3637,0215,09:50:00,10:00:00,3,0,4
3638,0215,10:00:00,10:10:00,5,0,1
3639,0215,10:10:00,10:20:00,1,0,2
3640,0215,10:20:00,10:30:00,3,0,5
3641,0215,10:30:00,10:40:00,3,0,1
3642,0215,10:40:00,10:50:00,2,0,3
3643,0215,10:50:00,11:00:00,8,0,11
3644,0216,08:00:00,08:10:00,3,0,0
3645,0216,08:10:00,08:20:00,3,0,3
3646,0216,08:20:00,08:30:00,1,1,0
3647,0216,08:30:00,08:40:00,6,0,6
3648,0216,08:40:00,08:50:00,8,3,2
3649,0216,08:50:00,09:00:00,11,0,13
3650,0216,09:00:00,09:10:00,9,4,16
3651,0216,09:10:00,09:20:00,7,5,18
3652,0216,09:20:00,09:30:00,3,4,12
3653,0216,09:30:00,09:40:00,4,5,11
3654,0216,09:40:00,09:50:00,7,7,10
3655,0216,09:50:00,10:00:00,2,0,12
3656,0216,10:00:00,10:10:00,5,7,7
3657,0216,10:10:00,10:20:00,3,6,4
3658,0216,10:20:00,10:30:00,6,0,10
3659,0216,10:30:00,10:40:00,4,7,0
3660,0216,10:40:00,10:50:00,8,0,8
3661,0216,10:50:00,11:00:00,6,0,14
3662,0217,08:00:00,08:10:00,3,0,0
3663,0217,08:10:00,08:20:00,0,0,0
3664,0217,08:20:00,08:30:00,3,0,0
3665,0217,08:30:00,08:40:00,5,0,5
3666,0217,08:40:00,08:50:00,5,2,1
3667,0217,08:50:00,09:00:00,2,3,0
3668,0217,09:00:00,09:10:00,9,1,1
3669,0217,09:10:00,09:20:00,6,1,6
3670,0217,09:20:00,09:30:00,5,0,1
3671,0217,09:30:00,09:40:00,0,0,1
3672,0217,09:40:00,09:50:00,1,1,0
3673,0217,09:50:00,10:00:00,0,0,0
3674,0217,10:00:00,10:10:00,4,0,0
3675,0217,10:10:00,10:20:00,1,0,1
3676,0217,10:20:00,10:30:00,0,1,0
3677,0217,10:30:00,10:40:00,4,1,0
3678,0217,10:40:00,10:50:00,1,1,0
3679,0217,10:50:00,11:00:00,3,0,3
3680,0218,14:00:00,14:10:00,3,1,0
3681,0218,14:10:00,14:20:00,3,0,3
3682,0218,14:20:00,14:30:00,3,3,3
3683,0218,14:30:00,14:40:00,0,0,0
3684,0218,14:40:00,14:50:00,7,0,7
3685,0218,14:50:00,15:00:00,1,6,2
3686,0218,15:00:00,15:10:00,1,2,0
3687,0218,15:10:00,15:20:00,2,0,2
3688,0218,15:20:00,15:30:00,7,6,3
3689,0218,15:30:00,15:40:00,3,3,0
3690,0218,15:40:00,15:50:00,2,2,0
3691,0218,15:50:00,16:00:00,6,0,6
3692,0218,16:00:00,16:10:00,0,3,0
3693,0218,16:10:00,16:20:00,6,2,4
3694,0218,16:20:00,16:30:00,2,3,3
3695,0219,11:00:00,11:10:00,16,0,13
3696,0219,11:10:00,11:20:00,4,3,14
3697,0219,11:20:00,11:30:00,10,7,17
3698,0219,11:30:00,11:40:00,2,7,5
3699,0219,11:40:00,11:50:00,8,2,11
3700,0219,11:50:00,12:00:00,9,3,17
3701,0219,12:00:00,12:10:00,0,6,1
3702,0219,12:10:00,12:20:00,1,0,2
3703,0219,12:20:00,12:30:00,5,3,4
3704,0219,12:30:00,12:40:00,0,1,3
3705,0219,12:40:00,12:50:00,3,0,6
3706,0219,12:50:00,13:00:00,4,0,10
3707,0219,13:00:00,13:10:00,7,4,4
3708,0219,13:10:00,13:20:00,3,0,7
3709,0219,13:20:00,13:30:00,7,2,12
3710,0219,13:30:00,13:40:00,8,1,19
3711,0219,13:40:00,13:50:00,2,1,20
3712,0219,13:50:00,14:00:00,7,6,21
3713,0220,11:00:00,11:10:00,5,0,0
3714,0220,11:10:00,11:20:00,1,0,1
3715,0220,11:20:00,11:30:00,0,1,0
3716,0220,11:30:00,11:40:00,0,0,0
3717,0220,11:40:00,11:50:00,2,0,2
3718,0220,11:50:00,12:00:00,5,0,7
3719,0220,12:00:00,12:10:00,6,0,1
3720,0220,12:10:00,12:20:00,1,2,0
3721,0220,12:20:00,12:30:00,0,0,0
3722,0220,12:30:00,12:40:00,0,0,0
3723,0220,12:40:00,12:50:00,3,3,0
3724,0220,12:50:00,13:00:00,0,0,0
3725,0220,13:00:00,13:10:00,4,3,0
3726,0220,13:10:00,13:20:00,4,0,4
3727,0220,13:20:00,13:30:00,0,0,4
3728,0220,13:30:00,13:40:00,4,1,1
3729,0220,13:40:00,13:50:00,5,0,6
3730,0220,13:50:00,14:00:00,3,0,9
3731,0221,14:00:00,14:10:00,3,0,0
3732,0221,14:10:00,14:20:00,3,0,3
3733,0221,14:20:00,14:30:00,1,3,1
3734,0221,14:30:00,14:40:00,0,1,0
3735,0221,14:40:00,14:50:00,6,0,6
3736,0221,14:50:00,15:00:00,4,1,9
3737,0221,15:00:00,15:10:00,6,2,1
3738,0221,15:10:00,15:20:00,1,2,0
3739,0221,15:20:00,15:30:00,2,0,2
3740,0221,15:30:00,15:40:00,0,0,0
3741,0221,15:40:00,15:50:00,0,0,0
3742,0221,15:50:00,16:00:00,0,0,0
3743,0221,16:00:00,16:10:00,6,0,1
3744,0221,16:10:00,16:20:00,0,1,0
3745,0221,16:20:00,16:30:00,0,0,0
3746,0222,11:00:00,11:10:00,5,1,0
3747,0222,11:10:00,11:20:00,0,0,0
3748,0222,11:20:00,11:30:00,2,0,2
3749,0222,11:30:00,11:40:00,1,3,0
3750,0222,11:40:00,11:50:00,0,0,0
3751,0222,11:50:00,12:00:00,3,0,3
3752,0222,12:00:00,12:10:00,0,3,0
3753,0222,12:10:00,12:20:00,1,0,1
3754,0222,12:20:00,12:30:00,3,1,3
3755,0222,12:30:00,12:40:00,0,2,0
3756,0222,12:40:00,12:50:00,0,0,0
3757,0222,12:50:00,13:00:00,1,1,0
3758,0222,13:00:00,13:10:00,0,0,0
3759,0222,13:10:00,13:20:00,3,0,3
3760,0222,13:20:00,13:30:00,2,3,2
3761,0222,13:30:00,13:40:00,0,2,0
3762,0222,13:40:00,13:50:00,1,0,1
3763,0222,13:50:00,14:00:00,1,1,1
3764,0223,14:00:00,14:10:00,6,1,1
3765,0223,14:10:00,14:20:00,11,0,12
3766,0223,14:20:00,14:30:00,3,2,13
3767,0223,14:30:00,14:40:00,3,2,2
3768,0223,14:40:00,14:50:00,5,0,7
3769,0223,14:50:00,15:00:00,8,2,13
3770,0223,15:00:00,15:10:00,2,3,2
3771,0223,15:10:00,15:20:00,5,1,6
3772,0223,15:20:00,15:30:00,0,1,5
3773,0223,15:30:00,15:40:00,2,0,1
3774,0223,15:40:00,15:50:00,5,0,6
3775,0223,15:50:00,16:00:00,1,0,7
3776,0223,16:00:00,16:10:00,0,0,1
3777,0223,16:10:00,16:20:00,5,0,6
3778,0223,16:20:00,16:30:00,0,3,3
3779,0224,08:00:00,08:10:00,1,0,0
3780,0224,08:10:00,08:20:00,0,0,0
3781,0224,08:20:00,08:30:00,0,0,0
3782,0224,08:30:00,08:40:00,0,0,0
3783,0224,08:40:00,08:50:00,0,0,0
3784,0224,08:50:00,09:00:00,3,0,3
3785,0224,09:00:00,09:10:00,0,3,0
3786,0224,09:10:00,09:20:00,0,0,0
3787,0224,09:20:00,09:30:00,5,1,0
3788,0224,09:30:00,09:40:00,1,0,1
3789,0224,09:40:00,09:50:00,1,0,0
3790,0224,09:50:00,10:00:00,5,1,4
3791,0224,10:00:00,10:10:00,7,1,1
3792,0224,10:10:00,10:20:00,0,0,1
3793,0224,10:20:00,10:30:00,0,0,1
3794,0224,10:30:00,10:40:00,1,1,0
3795,0224,10:40:00,10:50:00,6,2,4
3796,0224,10:50:00,11:00:00,4,2,6
3797,0225,11:00:00,11:10:00,4,0,4
3798,0225,11:10:00,11:20:00,0,0,4
3799,0225,11:20:00,11:30:00,0,0,4
3800,0225,11:30:00,11:40:00,0,0,4
3801,0225,11:40:00,11:50:00,0,1,3
3802,0225,11:50:00,12:00:00,4,1,6
3803,0225,12:00:00,12:10:00,3,0,9
3804,0225,12:10:00,12:20:00,0,0,9
3805,0225,12:20:00,12:30:00,1,0,10
3806,0225,12:30:00,12:40:00,1,2,9
3807,0225,12:40:00,12:50:00,0,0,9
3808,0225,12:50:00,13:00:00,2,0,11
3809,0225,13:00:00,13:10:00,2,0,13
3810,0225,13:10:00,13:20:00,0,2,11
3811,0225,13:20:00,13:30:00,5,0,16
3812,0225,13:30:00,13:40:00,2,0,18
3813,0225,13:40:00,13:50:00,0,0,18
3814,0225,13:50:00,14:00:00,1,1,18
3815,0226,11:00:00,11:10:00,3,0,0
3816,0226,11:10:00,11:20:00,9,2,7
3817,0226,11:20:00,11:30:00,0,2,5
3818,0226,11:30:00,11:40:00,2,4,0
3819,0226,11:40:00,11:50:00,0,0,0
3820,0226,11:50:00,12:00:00,2,0,2
3821,0226,12:00:00,12:10:00,0,2,0
3822,0226,12:10:00,12:20:00,0,0,0
3823,0226,12:20:00,12:30:00,5,2,3
3824,0226,12:30:00,12:40:00,7,6,0
3825,0226,12:40:00,12:50:00,1,1,0
3826,0226,12:50:00,13:00:00,1,0,1
3827,0226,13:00:00,13:10:00,1,0,0
3828,0226,13:10:00,13:20:00,2,0,2
3829,0226,13:20:00,13:30:00,5,2,5
3830,0226,13:30:00,13:40:00,0,0,1
3831,0226,13:40:00,13:50:00,1,1,1
3832,0226,13:50:00,14:00:00,7,1,7
3833,0227,08:00:00,08:10:00,1,0,0
3834,0227,08:10:00,08:20:00,5,0,5
3835,0227,08:20:00,08:30:00,2,4,0
3836,0227,08:30:00,08:40:00,0,0,0
3837,0227,08:40:00,08:50:00,0,0,0
3838,0227,08:50:00,09:00:00,2,0,2
3839,0227,09:00:00,09:10:00,4,0,0
3840,0227,09:10:00,09:20:00,0,0,0
3841,0227,09:20:00,09:30:00,0,0,0
3842,0227,09:30:00,09:40:00,0,0,0
3843,0227,09:40:00,09:50:00,0,0,0
3844,0227,09:50:00,10:00:00,0,0,0
3845,0227,10:00:00,10:10:00,0,0,0
3846,0227,10:10:00,10:20:00,0,0,0
3847,0227,10:20:00,10:30:00,1,1,0
3848,0227,10:30:00,10:40:00,4,0,0
3849,0227,10:40:00,10:50:00,9,1,8
3850,0227,10:50:00,11:00:00,4,0,12
3851,0228,11:00:00,11:10:00,9,0,6
3852,0228,11:10:00,11:20:00,3,4,5
3853,0228,11:20:00,11:30:00,8,2,11
3854,0228,11:30:00,11:40:00,3,3,0
3855,0228,11:40:00,11:50:00,7,2,5
3856,0228,11:50:00,12:00:00,5,0,10
3857,0228,12:00:00,12:10:00,7,5,0
3858,0228,12:10:00,12:20:00,0,0,0
3859,0228,12:20:00,12:30:00,2,0,2
3860,0228,12:30:00,12:40:00,2,0,0
3861,0228,12:40:00,12:50:00,3,1,2
3862,0228,12:50:00,13:00:00,12,1,13
3863,0228,13:00:00,13:10:00,7,5,7
3864,0228,13:10:00,13:20:00,1,3,5
3865,0228,13:20:00,13:30:00,4,2,7
3866,0228,13:30:00,13:40:00,9,2,8
3867,0228,13:40:00,13:50:00,10,0,18
3868,0228,13:50:00,14:00:00,5,1,22
3869,0229,08:00:00,08:10:00,0,0,0
3870,0229,08:10:00,08:20:00,2,0,2
3871,0229,08:20:00,08:30:00,5,0,7
3872,0229,08:30:00,08:40:00,1,0,8
3873,0229,08:40:00,08:50:00,0,0,8
3874,0229,08:50:00,09:00:00,1,3,6
3875,0229,09:00:00,09:10:00,4,0,10
3876,0229,09:10:00,09:20:00,3,0,13
3877,0229,09:20:00,09:30:00,0,0,13
3878,0229,09:30:00,09:40:00,0,0,13
3879,0229,09:40:00,09:50:00,0,0,13
3880,0229,09:50:00,10:00:00,0,0,13
3881,0229,10:00:00,10:10:00,0,0,13
3882,0229,10:10:00,10:20:00,4,0,17
3883,0229,10:20:00,10:30:00,0,1,16
3884,0229,10:30:00,10:40:00,0,1,15
3885,0229,10:40:00,10:50:00,3,1,17
3886,0229,10:50:00,11:00:00,1,0,18
3887,0230,08:00:00,08:10:00,1,0,0
3888,0230,08:10:00,08:20:00,0,0,0
3889,0230,08:20:00,08:30:00,1,0,0
3890,0230,08:30:00,08:40:00,5,0,5
3891,0230,08:40:00,08:50:00,4,0,1
3892,0230,08:50:00,09:00:00,0,1,0
3893,0230,09:00:00,09:10:00,0,0,0
3894,0230,09:10:00,09:20:00,0,0,0
3895,0230,09:20:00,09:30:00,8,0,1
3896,0230,09:30:00,09:40:00,7,0,8
3897,0230,09:40:00,09:50:00,0,0,1
3898,0230,09:50:00,10:00:00,1,1,1
3899,0230,10:00:00,10:10:00,5,0,1
3900,0230,10:10:00,10:20:00,0,0,1
3901,0230,10:20:00,10:30:00,5,1,5
3902,0230,10:30:00,10:40:00,1,1,1
3903,0230,10:40:00,10:50:00,2,3,0
3904,0230,10:50:00,11:00:00,5,0,5
3905,0231,08:00:00,08:10:00,0,0,0
3906,0231,08:10:00,08:20:00,0,0,0
3907,0231,08:20:00,08:30:00,1,0,0
3908,0231,08:30:00,08:40:00,2,2,0
3909,0231,08:40:00,08:50:00,3,0,0
3910,0231,08:50:00,09:00:00,5,2,3
3911,0231,09:00:00,09:10:00,10,4,7
3912,0231,09:10:00,09:20:00,6,1,12
3913,0231,09:20:00,09:30:00,0,2,2
3914,0231,09:30:00,09:40:00,2,4,0
3915,0231,09:40:00,09:50:00,7,0,0
3916,0231,09:50:00,10:00:00,3,0,3
3917,0231,10:00:00,10:10:00,1,0,0
3918,0231,10:10:00,10:20:00,8,0,8
3919,0231,10:20:00,10:30:00,7,1,14
3920,0231,10:30:00,10:40:00,3,1,1
3921,0231,10:40:00,10:50:00,6,0,7
3922,0231,10:50:00,11:00:00,7,2,12
3923,0232,08:00:00,08:10:00,11,0,0
3924,0232,08:10:00,08:20:00,31,0,31
3925,0232,08:20:00,08:30:00,27,0,1
3926,0232,08:30:00,08:40:00,6,0,7
3927,0232,08:40:00,08:50:00,90,0,22
3928,0232,08:50:00,09:00:00,66,1,87
3929,0232,09:00:00,09:10:00,54,1,64
3930,0232,09:10:00,09:20:00,30,0,94
3931,0232,09:20:00,09:30:00,28,1,24
3932,0232,09:30:00,09:40:00,29,0,53
3933,0232,09:40:00,09:50:00,31,0,0
3934,0232,09:50:00,10:00:00,28,4,24
3935,0232,10:00:00,10:10:00,28,0,1
3936,0232,10:10:00,10:20:00,31,0,32
3937,0232,10:20:00,10:30:00,29,1,60
3938,0232,10:30:00,10:40:00,24,0,4
3939,0232,10:40:00,10:50:00,41,1,44
3940,0232,10:50:00,11:00:00,62,0,106
3941,0233,11:00:00,11:10:00,9,0,1
3942,0233,11:10:00,11:20:00,1,2,0
3943,0233,11:20:00,11:30:00,13,0,13
3944,0233,11:30:00,11:40:00,5,1,2
3945,0233,11:40:00,11:50:00,1,0,3
3946,0233,11:50:00,12:00:00,0,3,0
3947,0233,12:00:00,12:10:00,0,0,0
3948,0233,12:10:00,12:20:00,3,0,3
3949,0233,12:20:00,12:30:00,3,0,6
3950,0233,12:30:00,12:40:00,2,5,0
3951,0233,12:40:00,12:50:00,4,0,4
3952,0233,12:50:00,13:00:00,4,4,4
3953,0233,13:00:00,13:10:00,8,4,1
3954,0233,13:10:00,13:20:00,0,1,0
3955,0233,13:20:00,13:30:00,5,0,5
3956,0233,13:30:00,13:40:00,4,3,0
3957,0233,13:40:00,13:50:00,2,0,2
3958,0233,13:50:00,14:00:00,0,2,0
3959,0234,08:00:00,08:10:00,5,2,0
3960,0234,08:10:00,08:20:00,2,0,2
3961,0234,08:20:00,08:30:00,8,2,1
3962,0234,08:30:00,08:40:00,5,1,5
3963,0234,08:40:00,08:50:00,4,3,0
3964,0234,08:50:00,09:00:00,9,0,9
3965,0234,09:00:00,09:10:00,2,8,0
3966,0234,09:10:00,09:20:00,5,0,5
3967,0234,09:20:00,09:30:00,0,5,0
3968,0234,09:30:00,09:40:00,1,0,1
3969,0234,09:40:00,09:50:00,0,0,0
3970,0234,09:50:00,10:00:00,3,1,2
3971,0234,10:00:00,10:10:00,0,2,0
3972,0234,10:10:00,10:20:00,0,0,0
3973,0234,10:20:00,10:30:00,0,0,0
3974,0234,10:30:00,10:40:00,0,0,0
3975,0234,10:40:00,10:50:00,5,0,5
3976,0234,10:50:00,11:00:00,0,3,2
3977,0235,14:00:00,14:10:00,27,0,1
3978,0235,14:10:00,14:20:00,28,0,29
3979,0235,14:20:00,14:30:00,30,0,59
3980,0235,14:30:00,14:40:00,35,0,4
3981,0235,14:40:00,14:50:00,44,1,47
3982,0235,14:50:00,15:00:00,62,1,108
3983,0235,15:00:00,15:10:00,49,0,2
3984,0235,15:10:00,15:20:00,31,0,33
3985,0235,15:20:00,15:30:00,27,0,60
3986,0235,15:30:00,15:40:00,31,0,4
3987,0235,15:40:00,15:50:00,21,1,24
3988,0235,15:50:00,16:00:00,28,0,52
3989,0235,16:00:00,16:10:00,20,0,3
3990,0235,16:10:00,16:20:00,13,3,13
3991,0235,16:20:00,16:30:00,18,0,31
3992,0236,11:00:00,11:10:00,3,0,3
3993,0236,11:10:00,11:20:00,5,0,8
3994,0236,11:20:00,11:30:00,3,1,10
3995,0236,11:30:00,11:40:00,1,0,11
3996,0236,11:40:00,11:50:00,3,3,11
3997,0236,11:50:00,12:00:00,5,3,13
3998,0236,12:00:00,12:10:00,6,1,18
3999,0236,12:10:00,12:20:00,4,1,21
4000,0236,12:20:00,12:30:00,0,1,20
4001,0236,12:30:00,12:40:00,0,0,20
4002,0236,12:40:00,12:50:00,1,2,19
4003,0236,12:50:00,13:00:00,2,0,21
4004,0236,13:00:00,13:10:00,3,2,22
4005,0236,13:10:00,13:20:00,0,4,18
4006,0236,13:20:00,13:30:00,1,1,18
4007,0236,13:30:00,13:40:00,1,2,17
4008,0236,13:40:00,13:50:00,0,2,15
4009,0236,13:50:00,14:00:00,4,1,18
4010,0237,11:00:00,11:10:00,6,0,6
4011,0237,11:10:00,11:20:00,5,3,8
4012,0237,11:20:00,11:30:00,10,1,17
4013,0237,11:30:00,11:40:00,6,6,4
4014,0237,11:40:00,11:50:00,4,0,8
4015,0237,11:50:00,12:00:00,3,0,11
4016,0237,12:00:00,12:10:00,1,0,1
4017,0237,12:10:00,12:20:00,2,1,2
4018,0237,12:20:00,12:30:00,2,0,4
4019,0237,12:30:00,12:40:00,5,2,0
4020,0237,12:40:00,12:50:00,5,0,5
4021,0237,12:50:00,13:00:00,13,0,18
4022,0237,13:00:00,13:10:00,3,9,0
4023,0237,13:10:00,13:20:00,8,0,8
4024,0237,13:20:00,13:30:00,5,1,12
4025,0237,13:30:00,13:40:00,12,3,21
4026,0237,13:40:00,13:50:00,5,8,18
4027,0237,13:50:00,14:00:00,8,4,22
4028,0238,11:00:00,11:10:00,9,2,1
4029,0238,11:10:00,11:20:00,2,0,3
4030,0238,11:20:00,11:30:00,11,0,14
4031,0238,11:30:00,11:40:00,2,3,1
4032,0238,11:40:00,11:50:00,3,0,4
4033,0238,11:50:00,12:00:00,5,1,8
4034,0238,12:00:00,12:10:00,2,0,1
4035,0238,12:10:00,12:20:00,12,0,13
4036,0238,12:20:00,12:30:00,1,0,14
4037,0238,12:30:00,12:40:00,0,0,2
4038,0238,12:40:00,12:50:00,4,0,6
4039,0238,12:50:00,13:00:00,5,0,11
4040,0238,13:00:00,13:10:00,3,3,1
4041,0238,13:10:00,13:20:00,2,0,3
4042,0238,13:20:00,13:30:00,0,0,3
4043,0238,13:30:00,13:40:00,6,0,1
4044,0238,13:40:00,13:50:00,0,1,0
4045,0238,13:50:00,14:00:00,0,0,0
4046,0239,08:00:00,08:10:00,3,0,0
4047,0239,08:10:00,08:20:00,0,0,0
4048,0239,08:20:00,08:30:00,7,0,1
4049,0239,08:30:00,08:40:00,8,3,6
4050,0239,08:40:00,08:50:00,0,3,0
4051,0239,08:50:00,09:00:00,9,2,7
4052,0239,09:00:00,09:10:00,7,5,1
4053,0239,09:10:00,09:20:00,8,1,8
4054,0239,09:20:00,09:30:00,5,4,1
4055,0239,09:30:00,09:40:00,0,1,0
4056,0239,09:40:00,09:50:00,3,0,0
4057,0239,09:50:00,10:00:00,0,0,0
4058,0239,10:00:00,10:10:00,0,0,0
4059,0239,10:10:00,10:20:00,0,0,0
4060,0239,10:20:00,10:30:00,4,0,4
4061,0239,10:30:00,10:40:00,0,0,0
4062,0239,10:40:00,10:50:00,6,1,5
4063,0239,10:50:00,11:00:00,4,2,7
4064,0240,11:00:00,11:10:00,3,0,0
4065,0240,11:10:00,11:20:00,2,0,2
4066,0240,11:20:00,11:30:00,0,1,1
4067,0240,11:30:00,11:40:00,7,0,6
4068,0240,11:40:00,11:50:00,6,2,10
4069,0240,11:50:00,12:00:00,4,0,14
4070,0240,12:00:00,12:10:00,0,4,1
4071,0240,12:10:00,12:20:00,5,0,6
4072,0240,12:20:00,12:30:00,4,1,9
4073,0240,12:30:00,12:40:00,3,1,8
4074,0240,12:40:00,12:50:00,6,0,14
4075,0240,12:50:00,13:00:00,0,2,12
4076,0240,13:00:00,13:10:00,2,1,3
4077,0240,13:10:00,13:20:00,1,2,2
4078,0240,13:20:00,13:30:00,1,0,3
4079,0240,13:30:00,13:40:00,5,1,1
4080,0240,13:40:00,13:50:00,5,0,6
4081,0240,13:50:00,14:00:00,3,0,9
4082,0241,14:00:00,14:10:00,3,0,0
4083,0241,14:10:00,14:20:00,3,2,1
4084,0241,14:20:00,14:30:00,2,3,0
4085,0241,14:30:00,14:40:00,5,0,1
4086,0241,14:40:00,14:50:00,3,2,2
4087,0241,14:50:00,15:00:00,15,0,17
4088,0241,15:00:00,15:10:00,6,1,3
4089,0241,15:10:00,15:20:00,3,0,6
4090,0241,15:20:00,15:30:00,4,0,10
4091,0241,15:30:00,15:40:00,8,0,1
4092,0241,15:40:00,15:50:00,2,0,3
4093,0241,15:50:00,16:00:00,4,1,6
4094,0241,16:00:00,16:10:00,0,0,1
4095,0241,16:10:00,16:20:00,0,0,1
4096,0241,16:20:00,16:30:00,6,0,7
4097,0242,08:00:00,08:10:00,1,1,0
4098,0242,08:10:00,08:20:00,8,0,8
4099,0242,08:20:00,08:30:00,4,1,0
4100,0242,08:30:00,08:40:00,4,0,4
4101,0242,08:40:00,08:50:00,9,2,0
4102,0242,08:50:00,09:00:00,12,3,9
4103,0242,09:00:00,09:10:00,3,1,1
4104,0242,09:10:00,09:20:00,2,2,1
4105,0242,09:20:00,09:30:00,4,0,0
4106,0242,09:30:00,09:40:00,0,0,0
4107,0242,09:40:00,09:50:00,1,1,0
4108,0242,09:50:00,10:00:00,1,0,1
4109,0242,10:00:00,10:10:00,6,0,0
4110,0242,10:10:00,10:20:00,6,2,4
4111,0242,10:20:00,10:30:00,13,2,15
4112,0242,10:30:00,10:40:00,7,7,11
4113,0242,10:40:00,10:50:00,9,0,20
4114,0242,10:50:00,11:00:00,19,2,37
4115,0243,14:00:00,14:10:00,2,1,0
4116,0243,14:10:00,14:20:00,0,0,0
4117,0243,14:20:00,14:30:00,0,0,0
4118,0243,14:30:00,14:40:00,4,0,1
4119,0243,14:40:00,14:50:00,2,1,2
4120,0243,14:50:00,15:00:00,8,3,7
4121,0243,15:00:00,15:10:00,7,5,1
4122,0243,15:10:00,15:20:00,0,1,0
4123,0243,15:20:00,15:30:00,2,0,2
4124,0243,15:30:00,15:40:00,4,0,1
4125,0243,15:40:00,15:50:00,2,2,1
4126,0243,15:50:00,16:00:00,5,0,6
4127,0243,16:00:00,16:10:00,2,6,0
4128,0243,16:10:00,16:20:00,0,0,0
4129,0243,16:20:00,16:30:00,0,0,0
4130,0244,14:00:00,14:10:00,37,1,1
4131,0244,14:10:00,14:20:00,23,4,20
4132,0244,14:20:00,14:30:00,29,1,48
4133,0244,14:30:00,14:40:00,29,0,2
4134,0244,14:40:00,14:50:00,44,0,46
4135,0244,14:50:00,15:00:00,62,1,107
4136,0244,15:00:00,15:10:00,51,0,0
4137,0244,15:10:00,15:20:00,26,2,24
4138,0244,15:20:00,15:30:00,31,1,54
4139,0244,15:30:00,15:40:00,31,1,1
4140,0244,15:40:00,15:50:00,34,3,32
4141,0244,15:50:00,16:00:00,29,0,61
4142,0244,16:00:00,16:10:00,19,1,1
4143,0244,16:10:00,16:20:00,18,0,19
4144,0244,16:20:00,16:30:00,17,0,36
4145,0245,08:00:00,08:10:00,0,0,0
4146,0245,08:10:00,08:20:00,0,0,0
4147,0245,08:20:00,08:30:00,0,0,0
4148,0245,08:30:00,08:40:00,0,0,0
4149,0245,08:40:00,08:50:00,0,0,0
4150,0245,08:50:00,09:00:00,0,0,0
4151,0245,09:00:00,09:10:00,5,2,0
4152,0245,09:10:00,09:20:00,3,0,3
4153,0245,09:20:00,09:30:00,1,2,0
4154,0245,09:30:00,09:40:00,10,0,10
4155,0245,09:40:00,09:50:00,0,2,1
4156,0245,09:50:00,10:00:00,4,1,4
4157,0245,10:00:00,10:10:00,2,0,1
4158,0245,10:10:00,10:20:00,0,1,0
4159,0245,10:20:00,10:30:00,1,0,1
4160,0245,10:30:00,10:40:00,1,2,0
4161,0245,10:40:00,10:50:00,0,0,0
4162,0245,10:50:00,11:00:00,0,0,0
4163,0246,14:00:00,14:10:00,6,2,1
4164,0246,14:10:00,14:20:00,9,0,10
4165,0246,14:20:00,14:30:00,6,0,16
4166,0246,14:30:00,14:40:00,4,7,9
4167,0246,14:40:00,14:50:00,1,0,10
4168,0246,14:50:00,15:00:00,13,5,18
4169,0246,15:00:00,15:10:00,9,3,18
4170,0246,15:10:00,15:20:00,0,1,17
4171,0246,15:20:00,15:30:00,4,3,18
4172,0246,15:30:00,15:40:00,2,5,13
4173,0246,15:40:00,15:50:00,7,3,17
4174,0246,15:50:00,16:00:00,1,2,16
4175,0246,16:00:00,16:10:00,0,2,14
4176,0246,16:10:00,16:20:00,6,1,19
4177,0246,16:20:00,16:30:00,6,4,21
4178,0247,14:00:00,14:10:00,4,0,0
4179,0247,14:10:00,14:20:00,1,0,1
4180,0247,14:20:00,14:30:00,5,1,5
4181,0247,14:30:00,14:40:00,8,2,1
4182,0247,14:40:00,14:50:00,0,0,1
4183,0247,14:50:00,15:00:00,5,0,6
4184,0247,15:00:00,15:10:00,15,3,14
4185,0247,15:10:00,15:20:00,10,6,18
4186,0247,15:20:00,15:30:00,2,4,16
4187,0247,15:30:00,15:40:00,6,5,17
4188,0247,15:40:00,15:50:00,0,6,11
4189,0247,15:50:00,16:00:00,5,2,14
4190,0247,16:00:00,16:10:00,1,3,1
4191,0247,16:10:00,16:20:00,3,0,4
4192,0247,16:20:00,16:30:00,4,0,8
4193,0248,14:00:00,14:10:00,1,1,0
4194,0248,14:10:00,14:20:00,2,0,2
4195,0248,14:20:00,14:30:00,0,2,0
4196,0248,14:30:00,14:40:00,0,0,0
4197,0248,14:40:00,14:50:00,0,0,0
4198,0248,14:50:00,15:00:00,0,0,0
4199,0248,15:00:00,15:10:00,1,0,0
4200,0248,15:10:00,15:20:00,1,1,0
4201,0248,15:20:00,15:30:00,0,0,0
4202,0248,15:30:00,15:40:00,5,1,0
4203,0248,15:40:00,15:50:00,0,0,0
4204,0248,15:50:00,16:00:00,0,0,0
4205,0248,16:00:00,16:10:00,2,0,0
4206,0248,16:10:00,16:20:00,6,0,6
4207,0248,16:20:00,16:30:00,0,4,2
4208,0249,08:00:00,08:10:00,8,0,5
4209,0249,08:10:00,08:20:00,4,1,8
4210,0249,08:20:00,08:30:00,10,3,0
4211,0249,08:30:00,08:40:00,7,1,6
4212,0249,08:40:00,08:50:00,10,1,11
4213,0249,08:50:00,09:00:00,24,3,32
4214,0249,09:00:00,09:10:00,5,7,16
4215,0249,09:10:00,09:20:00,6,6,16
4216,0249,09:20:00,09:30:00,3,3,12
4217,0249,09:30:00,09:40:00,7,0,19
4218,0249,09:40:00,09:50:00,8,7,20
4219,0249,09:50:00,10:00:00,8,5,23
4220,0249,10:00:00,10:10:00,9,7,21
4221,0249,10:10:00,10:20:00,4,8,17
4222,0249,10:20:00,10:30:00,6,6,17
4223,0249,10:30:00,10:40:00,11,3,12
4224,0249,10:40:00,10:50:00,7,6,13
4225,0249,10:50:00,11:00:00,17,2,28
4226,0250,14:00:00,14:10:00,1,0,0
4227,0250,14:10:00,14:20:00,2,0,2
4228,0250,14:20:00,14:30:00,1,2,1
4229,0250,14:30:00,14:40:00,0,1,0
4230,0250,14:40:00,14:50:00,3,1,2
4231,0250,14:50:00,15:00:00,2,2,2
4232,0250,15:00:00,15:10:00,5,2,0
4233,0250,15:10:00,15:20:00,2,0,2
4234,0250,15:20:00,15:30:00,1,1,2
4235,0250,15:30:00,15:40:00,9,4,1
4236,0250,15:40:00,15:50:00,5,1,5
4237,0250,15:50:00,16:00:00,0,5,0
4238,0250,16:00:00,16:10:00,1,1,0
4239,0250,16:10:00,16:20:00,0,0,0
4240,0250,16:20:00,16:30:00,0,0,0
4241,0251,14:00:00,14:10:00,4,0,0
4242,0251,14:10:00,14:20:00,4,0,4
4243,0251,14:20:00,14:30:00,8,0,12
4244,0251,14:30:00,14:40:00,0,2,1
4245,0251,14:40:00,14:50:00,3,0,4
4246,0251,14:50:00,15:00:00,2,1,5
4247,0251,15:00:00,15:10:00,5,0,1
4248,0251,15:10:00,15:20:00,0,0,1
4249,0251,15:20:00,15:30:00,0,0,1
4250,0251,15:30:00,15:40:00,0,0,0
4251,0251,15:40:00,15:50:00,6,0,6
4252,0251,15:50:00,16:00:00,1,0,7
4253,0251,16:00:00,16:10:00,3,1,1
4254,0251,16:10:00,16:20:00,3,4,0
4255,0251,16:20:00,16:30:00,1,0,1
4256,0252,11:00:00,11:10:00,1,0,0
4257,0252,11:10:00,11:20:00,3,0,3
4258,0252,11:20:00,11:30:00,4,2,5
4259,0252,11:30:00,11:40:00,3,4,0
4260,0252,11:40:00,11:50:00,1,1,0
4261,0252,11:50:00,12:00:00,0,0,0
4262,0252,12:00:00,12:10:00,1,0,0
4263,0252,12:10:00,12:20:00,0,0,0
4264,0252,12:20:00,12:30:00,1,0,1
4265,0252,12:30:00,12:40:00,0,0,0
4266,0252,12:40:00,12:50:00,0,0,0
4267,0252,12:50:00,13:00:00,2,2,0
4268,0252,13:00:00,13:10:00,0,0,0
4269,0252,13:10:00,13:20:00,1,0,1
4270,0252,13:20:00,13:30:00,7,2,6
4271,0252,13:30:00,13:40:00,0,3,0
4272,0252,13:40:00,13:50:00,4,2,2
4273,0252,13:50:00,14:00:00,1,2,1
4274,0253,11:00:00,11:10:00,46,0,39
4275,0253,11:10:00,11:20:00,3,10,32
4276,0253,11:20:00,11:30:00,0,6,26
4277,0253,11:30:00,11:40:00,1,3,12
4278,0253,11:40:00,11:50:00,0,2,10
4279,0253,11:50:00,12:00:00,1,8,3
4280,0253,12:00:00,12:10:00,0,2,0
4281,0253,12:10:00,12:20:00,0,0,0
4282,0253,12:20:00,12:30:00,2,0,2
4283,0253,12:30:00,12:40:00,4,1,0
4284,0253,12:40:00,12:50:00,2,0,2
4285,0253,12:50:00,13:00:00,2,3,1
4286,0253,13:00:00,13:10:00,2,0,0
4287,0253,13:10:00,13:20:00,1,0,1
4288,0253,13:20:00,13:30:00,0,0,1
4289,0253,13:30:00,13:40:00,0,0,0
4290,0253,13:40:00,13:50:00,2,2,0
4291,0253,13:50:00,14:00:00,3,0,3
4292,0254,14:00:00,14:10:00,2,0,0
4293,0254,14:10:00,14:20:00,0,0,0
4294,0254,14:20:00,14:30:00,5,0,5
4295,0254,14:30:00,14:40:00,0,2,0
4296,0254,14:40:00,14:50:00,6,0,6
4297,0254,14:50:00,15:00:00,1,2,5
4298,0254,15:00:00,15:10:00,2,1,0
4299,0254,15:10:00,15:20:00,0,0,0
4300,0254,15:20:00,15:30:00,2,2,0
4301,0254,15:30:00,15:40:00,0,0,0
4302,0254,15:40:00,15:50:00,2,0,2
4303,0254,15:50:00,16:00:00,0,2,0
4304,0254,16:00:00,16:10:00,0,0,0
4305,0254,16:10:00,16:20:00,2,0,2
4306,0254,16:20:00,16:30:00,4,0,6
4307,0255,08:00:00,08:10:00,4,0,0
4308,0255,08:10:00,08:20:00,2,2,0
4309,0255,08:20:00,08:30:00,6,0,1
4310,0255,08:30:00,08:40:00,0,1,0
4311,0255,08:40:00,08:50:00,4,1,0
4312,0255,08:50:00,09:00:00,9,0,9
4313,0255,09:00:00,09:10:00,1,3,0
4314,0255,09:10:00,09:20:00,5,0,5
4315,0255,09:20:00,09:30:00,2,0,0
4316,0255,09:30:00,09:40:00,4,3,1
4317,0255,09:40:00,09:50:00,5,0,0
4318,0255,09:50:00,10:00:00,3,0,3
4319,0255,10:00:00,10:10:00,0,1,0
4320,0255,10:10:00,10:20:00,2,0,2
4321,0255,10:20:00,10:30:00,4,0,6
4322,0255,10:30:00,10:40:00,0,1,1
4323,0255,10:40:00,10:50:00,0,0,1
4324,0255,10:50:00,11:00:00,6,0,7
4325,0256,14:00:00,14:10:00,0,0,0
4326,0256,14:10:00,14:20:00,3,0,3
4327,0256,14:20:00,14:30:00,1,2,2
4328,0256,14:30:00,14:40:00,1,0,3
4329,0256,14:40:00,14:50:00,0,0,3
4330,0256,14:50:00,15:00:00,7,4,6
4331,0256,15:00:00,15:10:00,0,0,6
4332,0256,15:10:00,15:20:00,0,4,2
4333,0256,15:20:00,15:30:00,0,0,2
4334,0256,15:30:00,15:40:00,2,4,0
4335,0256,15:40:00,15:50:00,0,0,0
4336,0256,15:50:00,16:00:00,1,1,0
4337,0256,16:00:00,16:10:00,2,2,0
4338,0256,16:10:00,16:20:00,2,0,2
4339,0256,16:20:00,16:30:00,0,2,0
4340,0257,14:00:00,14:10:00,6,0,2
4341,0257,14:10:00,14:20:00,7,0,9
4342,0257,14:20:00,14:30:00,5,6,8
4343,0257,14:30:00,14:40:00,8,0,14
4344,0257,14:40:00,14:50:00,5,4,15
4345,0257,14:50:00,15:00:00,12,3,24
4346,0257,15:00:00,15:10:00,16,9,31
4347,0257,15:10:00,15:20:00,6,11,26
4348,0257,15:20:00,15:30:00,4,8,22
4349,0257,15:30:00,15:40:00,7,4,6
4350,0257,15:40:00,15:50:00,5,4,7
4351,0257,15:50:00,16:00:00,8,4,11
4352,0257,16:00:00,16:10:00,3,1,4
4353,0257,16:10:00,16:20:00,1,2,3
4354,0257,16:20:00,16:30:00,3,1,5
4355,0258,11:00:00,11:10:00,11,0,1
4356,0258,11:10:00,11:20:00,4,1,4
4357,0258,11:20:00,11:30:00,3,0,7
4358,0258,11:30:00,11:40:00,9,0,3
4359,0258,11:40:00,11:50:00,7,1,9
4360,0258,11:50:00,12:00:00,1,2,8
4361,0258,12:00:00,12:10:00,4,1,4
4362,0258,12:10:00,12:20:00,0,1,3
4363,0258,12:20:00,12:30:00,0,0,3
4364,0258,12:30:00,12:40:00,2,1,0
4365,0258,12:40:00,12:50:00,0,0,0
4366,0258,12:50:00,13:00:00,5,0,5
4367,0258,13:00:00,13:10:00,6,3,8
4368,0258,13:10:00,13:20:00,0,0,8
4369,0258,13:20:00,13:30:00,3,2,9
4370,0258,13:30:00,13:40:00,7,0,10
4371,0258,13:40:00,13:50:00,5,1,14
4372,0258,13:50:00,14:00:00,5,4,15
4373,0259,14:00:00,14:10:00,0,0,0
4374,0259,14:10:00,14:20:00,6,0,6
4375,0259,14:20:00,14:30:00,1,2,5
4376,0259,14:30:00,14:40:00,3,4,1
4377,0259,14:40:00,14:50:00,4,0,5
4378,0259,14:50:00,15:00:00,2,2,5
4379,0259,15:00:00,15:10:00,0,2,0
4380,0259,15:10:00,15:20:00,0,0,0
4381,0259,15:20:00,15:30:00,6,2,4
4382,0259,15:30:00,15:40:00,5,3,1
4383,0259,15:40:00,15:50:00,0,1,0
4384,0259,15:50:00,16:00:00,2,2,0
4385,0259,16:00:00,16:10:00,4,4,0
4386,0259,16:10:00,16:20:00,5,1,4
4387,0259,16:20:00,16:30:00,0,4,0
4388,0260,11:00:00,11:10:00,0,0,0
4389,0260,11:10:00,11:20:00,6,3,3
4390,0260,11:20:00,11:30:00,0,1,2
4391,0260,11:30:00,11:40:00,2,0,4
4392,0260,11:40:00,11:50:00,0,0,4
4393,0260,11:50:00,12:00:00,5,0,9
4394,0260,12:00:00,12:10:00,0,0,9
4395,0260,12:10:00,12:20:00,1,0,10
4396,0260,12:20:00,12:30:00,0,0,10
4397,0260,12:30:00,12:40:00,1,3,8
4398,0260,12:40:00,12:50:00,0,2,6
4399,0260,12:50:00,13:00:00,1,1,6
4400,0260,13:00:00,13:10:00,0,2,4
4401,0260,13:10:00,13:20:00,1,0,5
4402,0260,13:20:00,13:30:00,5,0,10
4403,0260,13:30:00,13:40:00,0,0,10
4404,0260,13:40:00,13:50:00,1,0,11
4405,0260,13:50:00,14:00:00,0,0,11
4406,0261,14:00:00,14:10:00,30,1,0
4407,0261,14:10:00,14:20:00,23,0,23
4408,0261,14:20:00,14:30:00,33,0,56
4409,0261,14:30:00,14:40:00,27,1,4
4410,0261,14:40:00,14:50:00,39,0,43
4411,0261,14:50:00,15:00:00,65,1,107
4412,0261,15:00:00,15:10:00,51,0,1
4413,0261,15:10:00,15:20:00,30,0,31
4414,0261,15:20:00,15:30:00,26,1,56
4415,0261,15:30:00,15:40:00,33,0,4
4416,0261,15:40:00,15:50:00,34,1,37
4417,0261,15:50:00,16:00:00,29,0,66
4418,0261,16:00:00,16:10:00,16,0,1
4419,0261,16:10:00,16:20:00,17,0,18
4420,0261,16:20:00,16:30:00,13,0,31
4421,0262,11:00:00,11:10:00,2,0,0
4422,0262,11:10:00,11:20:00,0,0,0
4423,0262,11:20:00,11:30:00,2,0,2
4424,0262,11:30:00,11:40:00,0,0,0
4425,0262,11:40:00,11:50:00,1,1,0
4426,0262,11:50:00,12:00:00,0,0,0
4427,0262,12:00:00,12:10:00,0,0,0
4428,0262,12:10:00,12:20:00,0,0,0
4429,0262,12:20:00,12:30:00,2,2,0
4430,0262,12:30:00,12:40:00,0,0,0
4431,0262,12:40:00,12:50:00,8,0,8
4432,0262,12:50:00,13:00:00,4,0,12
4433,0262,13:00:00,13:10:00,0,0,1
4434,0262,13:10:00,13:20:00,0,0,1
4435,0262,13:20:00,13:30:00,3,4,0
4436,0262,13:30:00,13:40:00,2,2,0
4437,0262,13:40:00,13:50:00,5,0,5
4438,0262,13:50:00,14:00:00,4,0,9
4439,0263,11:00:00,11:10:00,0,0,0
4440,0263,11:10:00,11:20:00,2,0,2
4441,0263,11:20:00,11:30:00,4,3,3
4442,0263,11:30:00,11:40:00,0,0,0
4443,0263,11:40:00,11:50:00,6,0,6
4444,0263,11:50:00,12:00:00,2,4,4
4445,0263,12:00:00,12:10:00,0,1,0
4446,0263,12:10:00,12:20:00,3,0,3
4447,0263,12:20:00,12:30:00,0,0,3
4448,0263,12:30:00,12:40:00,0,1,0
4449,0263,12:40:00,12:50:00,5,0,5
4450,0263,12:50:00,13:00:00,1,3,3
4451,0263,13:00:00,13:10:00,8,0,8
4452,0263,13:10:00,13:20:00,0,3,5
4453,0263,13:20:00,13:30:00,3,0,8
4454,0263,13:30:00,13:40:00,7,2,6
4455,0263,13:40:00,13:50:00,4,1,9
4456,0263,13:50:00,14:00:00,2,4,7
4457,0264,08:00:00,08:10:00,6,0,1
4458,0264,08:10:00,08:20:00,8,0,9
4459,0264,08:20:00,08:30:00,3,0,1
4460,0264,08:30:00,08:40:00,1,2,0
4461,0264,08:40:00,08:50:00,8,0,0
4462,0264,08:50:00,09:00:00,4,0,4
4463,0264,09:00:00,09:10:00,3,2,1
4464,0264,09:10:00,09:20:00,4,0,5
4465,0264,09:20:00,09:30:00,4,0,1
4466,0264,09:30:00,09:40:00,6,3,4
4467,0264,09:40:00,09:50:00,7,0,1
4468,0264,09:50:00,10:00:00,5,0,6
4469,0264,10:00:00,10:10:00,4,0,1
4470,0264,10:10:00,10:20:00,3,2,2
4471,0264,10:20:00,10:30:00,6,0,8
4472,0264,10:30:00,10:40:00,3,0,1
4473,0264,10:40:00,10:50:00,7,0,8
4474,0264,10:50:00,11:00:00,8,0,16
4475,0265,14:00:00,14:10:00,0,0,0
4476,0265,14:10:00,14:20:00,3,2,1
4477,0265,14:20:00,14:30:00,7,0,8
4478,0265,14:30:00,14:40:00,2,6,0
4479,0265,14:40:00,14:50:00,7,0,7
4480,0265,14:50:00,15:00:00,0,4,3
4481,0265,15:00:00,15:10:00,10,4,9
4482,0265,15:10:00,15:20:00,5,7,7
4483,0265,15:20:00,15:30:00,7,2,12
4484,0265,15:30:00,15:40:00,3,4,8
4485,0265,15:40:00,15:50:00,5,3,10
4486,0265,15:50:00,16:00:00,5,2,13
4487,0265,16:00:00,16:10:00,2,3,6
4488,0265,16:10:00,16:20:00,2,0,8
4489,0265,16:20:00,16:30:00,2,3,7
4490,0266,11:00:00,11:10:00,48,0,36
4491,0266,11:10:00,11:20:00,7,7,36
4492,0266,11:20:00,11:30:00,2,6,32
4493,0266,11:30:00,11:40:00,0,3,28
4494,0266,11:40:00,11:50:00,3,3,28
4495,0266,11:50:00,12:00:00,4,12,20
4496,0266,12:00:00,12:10:00,0,0,5
4497,0266,12:10:00,12:20:00,5,3,7
4498,0266,12:20:00,12:30:00,5,5,7
4499,0266,12:30:00,12:40:00,1,6,0
4500,0266,12:40:00,12:50:00,1,1,0
4501,0266,12:50:00,13:00:00,7,1,6
4502,0266,13:00:00,13:10:00,5,3,1
4503,0266,13:10:00,13:20:00,2,1,2
4504,0266,13:20:00,13:30:00,0,2,0
4505,0266,13:30:00,13:40:00,5,0,1
4506,0266,13:40:00,13:50:00,1,1,1
4507,0266,13:50:00,14:00:00,5,1,5
4508,0267,11:00:00,11:10:00,0,0,0
4509,0267,11:10:00,11:20:00,0,0,0
4510,0267,11:20:00,11:30:00,0,0,0
4511,0267,11:30:00,11:40:00,1,0,1
4512,0267,11:40:00,11:50:00,0,1,0
4513,0267,11:50:00,12:00:00,4,0,4
4514,0267,12:00:00,12:10:00,0,0,4
4515,0267,12:10:00,12:20:00,1,0,5
4516,0267,12:20:00,12:30:00,0,0,5
4517,0267,12:30:00,12:40:00,2,1,6
4518,0267,12:40:00,12:50:00,7,2,11
4519,0267,12:50:00,13:00:00,1,0,12
4520,0267,13:00:00,13:10:00,0,0,12
4521,0267,13:10:00,13:20:00,0,2,10
4522,0267,13:20:00,13:30:00,0,0,10
4523,0267,13:30:00,13:40:00,2,0,12
4524,0267,13:40:00,13:50:00,1,0,13
4525,0267,13:50:00,14:00:00,1,0,14
4526,0268,11:00:00,11:10:00,7,0,1
4527,0268,11:10:00,11:20:00,9,0,10
4528,0268,11:20:00,11:30:00,7,7,10
4529,0268,11:30:00,11:40:00,2,0,7
4530,0268,11:40:00,11:50:00,4,2,9
4531,0268,11:50:00,12:00:00,0,2,7
4532,0268,12:00:00,12:10:00,8,1,10
4533,0268,12:10:00,12:20:00,8,9,9
4534,0268,12:20:00,12:30:00,4,2,11
4535,0268,12:30:00,12:40:00,2,2,1
4536,0268,12:40:00,12:50:00,3,0,4
4537,0268,12:50:00,13:00:00,0,4,0
4538,0268,13:00:00,13:10:00,5,0,0
4539,0268,13:10:00,13:20:00,0,0,0
4540,0268,13:20:00,13:30:00,4,0,4
4541,0268,13:30:00,13:40:00,8,0,5
4542,0268,13:40:00,13:50:00,8,2,11
4543,0268,13:50:00,14:00:00,6,1,16
4544,0269,14:00:00,14:10:00,0,0,0
4545,0269,14:10:00,14:20:00,1,1,0
4546,0269,14:20:00,14:30:00,4,2,2
4547,0269,14:30:00,14:40:00,4,2,0
4548,0269,14:40:00,14:50:00,7,1,6
4549,0269,14:50:00,15:00:00,2,4,4
4550,0269,15:00:00,15:10:00,3,4,0
4551,0269,15:10:00,15:20:00,0,0,0
4552,0269,15:20:00,15:30:00,2,0,2
4553,0269,15:30:00,15:40:00,3,1,1
4554,0269,15:40:00,15:50:00,0,1,0
4555,0269,15:50:00,16:00:00,0,0,0
4556,0269,16:00:00,16:10:00,0,0,0
4557,0269,16:10:00,16:20:00,4,0,4
4558,0269,16:20:00,16:30:00,3,3,4
4559,0270,11:00:00,11:10:00,4,0,4
4560,0270,11:10:00,11:20:00,0,0,4
4561,0270,11:20:00,11:30:00,6,2,8
4562,0270,11:30:00,11:40:00,2,0,10
4563,0270,11:40:00,11:50:00,0,0,10
4564,0270,11:50:00,12:00:00,6,4,12
4565,0270,12:00:00,12:10:00,1,0,13
4566,0270,12:10:00,12:20:00,0,0,13
4567,0270,12:20:00,12:30:00,9,2,20
4568,0270,12:30:00,12:40:00,3,1,22
4569,0270,12:40:00,12:50:00,2,0,24
4570,0270,12:50:00,13:00:00,1,3,22
4571,0270,13:00:00,13:10:00,0,1,21
4572,0270,13:10:00,13:20:00,6,6,21
4573,0270,13:20:00,13:30:00,3,4,20
4574,0270,13:30:00,13:40:00,6,4,22
4575,0270,13:40:00,13:50:00,1,1,22
4576,0270,13:50:00,14:00:00,0,1,21
4577,0271,14:00:00,14:10:00,11,0,1
4578,0271,14:10:00,14:20:00,6,3,4
4579,0271,14:20:00,14:30:00,6,0,10
4580,0271,14:30:00,14:40:00,7,0,9
4581,0271,14:40:00,14:50:00,4,0,13
4582,0271,14:50:00,15:00:00,3,4,12
4583,0271,15:00:00,15:10:00,9,2,3
4584,0271,15:10:00,15:20:00,4,2,5
4585,0271,15:20:00,15:30:00,5,5,5
4586,0271,15:30:00,15:40:00,6,2,1
4587,0271,15:40:00,15:50:00,4,0,5
4588,0271,15:50:00,16:00:00,8,4,9
4589,0271,16:00:00,16:10:00,2,2,1
4590,0271,16:10:00,16:20:00,4,2,3
4591,0271,16:20:00,16:30:00,3,1,5
4592,0272,08:00:00,08:10:00,0,0,0
4593,0272,08:10:00,08:20:00,3,0,3
4594,0272,08:20:00,08:30:00,0,0,3
4595,0272,08:30:00,08:40:00,3,2,4
4596,0272,08:40:00,08:50:00,2,1,5
4597,0272,08:50:00,09:00:00,1,0,6
4598,0272,09:00:00,09:10:00,1,0,7
4599,0272,09:10:00,09:20:00,0,0,7
4600,0272,09:20:00,09:30:00,1,0,8
4601,0272,09:30:00,09:40:00,1,0,9
4602,0272,09:40:00,09:50:00,1,0,10
4603,0272,09:50:00,10:00:00,0,1,9
4604,0272,10:00:00,10:10:00,0,2,7
4605,0272,10:10:00,10:20:00,0,0,7
4606,0272,10:20:00,10:30:00,7,0,14
4607,0272,10:30:00,10:40:00,1,0,15
4608,0272,10:40:00,10:50:00,0,2,13
4609,0272,10:50:00,11:00:00,0,0,13
4610,0273,11:00:00,11:10:00,8,2,3
4611,0273,11:10:00,11:20:00,0,1,2
4612,0273,11:20:00,11:30:00,4,1,5
4613,0273,11:30:00,11:40:00,5,0,1
4614,0273,11:40:00,11:50:00,13,1,13
4615,0273,11:50:00,12:00:00,9,5,17
4616,0273,12:00:00,12:10:00,2,1,7
4617,0273,12:10:00,12:20:00,0,3,4
4618,0273,12:20:00,12:30:00,8,0,12
4619,0273,12:30:00,12:40:00,0,3,1
4620,0273,12:40:00,12:50:00,0,0,1
4621,0273,12:50:00,13:00:00,2,0,3
4622,0273,13:00:00,13:10:00,8,2,2
4623,0273,13:10:00,13:20:00,4,0,6
4624,0273,13:20:00,13:30:00,2,1,7
4625,0273,13:30:00,13:40:00,5,1,9
4626,0273,13:40:00,13:50:00,2,1,10
4627,0273,13:50:00,14:00:00,0,5,5
4628,0274,14:00:00,14:10:00,0,0,0
4629,0274,14:10:00,14:20:00,1,1,0
4630,0274,14:20:00,14:30:00,0,0,0
4631,0274,14:30:00,14:40:00,0,0,0
4632,0274,14:40:00,14:50:00,1,0,1
4633,0274,14:50:00,15:00:00,5,0,6
4634,0274,15:00:00,15:10:00,0,2,4
4635,0274,15:10:00,15:20:00,0,2,2
4636,0274,15:20:00,15:30:00,0,2,0
4637,0274,15:30:00,15:40:00,6,1,5
4638,0274,15:40:00,15:50:00,4,2,7
4639,0274,15:50:00,16:00:00,4,5,6
4640,0274,16:00:00,16:10:00,10,2,14
4641,0274,16:10:00,16:20:00,1,1,14
4642,0274,16:20:00,16:30:00,2,2,14
4643,0275,11:00:00,11:10:00,48,0,2
4644,0275,11:10:00,11:20:00,24,0,26
4645,0275,11:20:00,11:30:00,28,0,54
4646,0275,11:30:00,11:40:00,31,0,1
4647,0275,11:40:00,11:50:00,29,0,30
4648,0275,11:50:00,12:00:00,25,0,55
4649,0275,12:00:00,12:10:00,13,0,3
4650,0275,12:10:00,12:20:00,27,0,30
4651,0275,12:20:00,12:30:00,20,0,50
4652,0275,12:30:00,12:40:00,16,0,3
4653,0275,12:40:00,12:50:00,22,0,25
4654,0275,12:50:00,13:00:00,40,0,65
4655,0275,13:00:00,13:10:00,34,0,2
4656,0275,13:10:00,13:20:00,18,1,19
4657,0275,13:20:00,13:30:00,7,0,26
4658,0275,13:30:00,13:40:00,32,0,2
4659,0275,13:40:00,13:50:00,26,1,27
4660,0275,13:50:00,14:00:00,23,3,47
4661,0276,14:00:00,14:10:00,0,0,0
4662,0276,14:10:00,14:20:00,0,0,0
4663,0276,14:20:00,14:30:00,0,0,0
4664,0276,14:30:00,14:40:00,0,0,0
4665,0276,14:40:00,14:50:00,0,0,0
4666,0276,14:50:00,15:00:00,0,0,0
4667,0276,15:00:00,15:10:00,0,0,0
4668,0276,15:10:00,15:20:00,0,0,0
4669,0276,15:20:00,15:30:00,0,0,0
4670,0276,15:30:00,15:40:00,4,0,4
4671,0276,15:40:00,15:50:00,0,0,4
4672,0276,15:50:00,16:00:00,2,0,6
4673,0276,16:00:00,16:10:00,4,0,10
4674,0276,16:10:00,16:20:00,1,0,11
4675,0276,16:20:00,16:30:00,3,0,14
4676,0277,14:00:00,14:10:00,6,0,1
4677,0277,14:10:00,14:20:00,2,0,3
4678,0277,14:20:00,14:30:00,4,0,7
4679,0277,14:30:00,14:40:00,7,4,1
4680,0277,14:40:00,14:50:00,0,1,0
4681,0277,14:50:00,15:00:00,14,1,13
4682,0277,15:00:00,15:10:00,6,1,16
4683,0277,15:10:00,15:20:00,10,4,22
4684,0277,15:20:00,15:30:00,4,3,23
4685,0277,15:30:00,15:40:00,2,6,14
4686,0277,15:40:00,15:50:00,5,1,18
4687,0277,15:50:00,16:00:00,0,4,14
4688,0277,16:00:00,16:10:00,0,4,10
4689,0277,16:10:00,16:20:00,2,5,7
4690,0277,16:20:00,16:30:00,4,3,8
4691,0278,14:00:00,14:10:00,5,0,1
4692,0278,14:10:00,14:20:00,10,1,10
4693,0278,14:20:00,14:30:00,2,3,9
4694,0278,14:30:00,14:40:00,1,0,1
4695,0278,14:40:00,14:50:00,2,0,3
4696,0278,14:50:00,15:00:00,17,3,17
4697,0278,15:00:00,15:10:00,0,3,1
4698,0278,15:10:00,15:20:00,8,0,9
4699,0278,15:20:00,15:30:00,2,6,5
4700,0278,15:30:00,15:40:00,7,4,1
4701,0278,15:40:00,15:50:00,1,2,0
4702,0278,15:50:00,16:00:00,0,0,0
4703,0278,16:00:00,16:10:00,0,0,0
4704,0278,16:10:00,16:20:00,3,0,3
4705,0278,16:20:00,16:30:00,4,5,2
4706,0279,14:00:00,14:10:00,1,0,0
4707,0279,14:10:00,14:20:00,0,0,0
4708,0279,14:20:00,14:30:00,0,0,0
4709,0279,14:30:00,14:40:00,0,0,0
4710,0279,14:40:00,14:50:00,2,0,2
4711,0279,14:50:00,15:00:00,0,1,1
4712,0279,15:00:00,15:10:00,0,1,0
4713,0279,15:10:00,15:20:00,4,0,4
4714,0279,15:20:00,15:30:00,4,6,2
4715,0279,15:30:00,15:40:00,3,5,0
4716,0279,15:40:00,15:50:00,0,0,0
4717,0279,15:50:00,16:00:00,0,0,0
4718,0279,16:00:00,16:10:00,0,0,0
4719,0279,16:10:00,16:20:00,0,0,0
4720,0279,16:20:00,16:30:00,2,1,1
